motor_id,horas_operacao,temperatura_c,vibracao_hz,rotacao_rpm,corrente_a,falha_registrada
motor_01,1,69.29,9.71,1806.74,14.92,0
motor_01,2,69.7,10.26,1801.98,14.93,0
motor_01,3,72.12,11.31,1806.04,15.11,0
motor_01,4,68.59,10.28,1809.14,15.13,0
motor_01,5,70.93,9.9,1802.19,15.19,0
motor_01,6,74.45,11.15,1796.13,15.1,0
motor_01,7,71.17,10.63,1800.75,15.1,0
motor_01,8,68.09,10.67,1802.23,15.12,0
motor_01,9,70.79,10.45,1799.17,15.08,0
motor_01,10,73.01,10.33,1799.84,15.02,0
motor_01,11,72.7,10.14,1797.78,15.54,0
motor_01,12,71.48,9.6,1798.18,15.47,0
motor_01,13,74.72,9.42,1796.22,15.19,0
motor_01,14,71.57,10.23,1800.22,15.31,0
motor_01,15,70.75,9.09,1792.72,14.69,0
motor_01,16,71.73,10.52,1802.22,15.11,0
motor_01,17,73.03,10.08,1797.1,15.32,0
motor_01,18,71.47,9.31,1799.75,15.12,0
motor_01,19,72.34,10.99,1793.73,15.58,0
motor_01,20,75.24,11.17,1804.39,15.24,0
motor_01,21,71.63,10.47,1799.4,15.44,0
motor_01,22,71.38,11.7,1804.15,15.33,0
motor_01,23,72.55,11.03,1802.12,15.36,0
motor_01,24,73.07,10.98,1804.13,15.1,0
motor_01,25,73.75,9.01,1802.1,15.15,0
motor_01,26,75.18,10.79,1793.66,15.15,0
motor_01,27,73.64,9.21,1807.53,15.49,0
motor_01,28,73.8,10.5,1801.46,15.33,0
motor_01,29,75.32,10.43,1811.14,15.44,0
motor_01,30,72.94,11.13,1798.53,15.34,0
motor_01,31,74.95,9.06,1796.17,15.23,0
motor_01,32,73.56,9.68,1798.39,15.51,0
motor_01,33,73.05,9.72,1799.02,15.26,0
motor_01,34,72.82,10.8,1798.77,15.4,0
motor_01,35,73.02,10.23,1801.95,15.3,0
motor_01,36,73.99,10.11,1799.16,15.04,0
motor_01,37,74.74,9.19,1800.78,15.13,0
motor_01,38,75.85,10.1,1803.03,15.57,0
motor_01,39,76.7,9.87,1800.34,15.48,0
motor_01,40,75.0,9.32,1796.8,15.49,0
motor_01,41,76.41,9.99,1798.31,15.34,0
motor_01,42,73.19,9.49,1796.91,15.05,0
motor_01,43,73.75,10.86,1806.44,15.67,0
motor_01,44,75.22,10.26,1805.23,15.62,0
motor_01,45,74.29,10.5,1791.04,15.44,0
motor_01,46,76.63,11.11,1805.05,15.21,0
motor_01,47,75.84,11.34,1799.81,15.57,0
motor_01,48,75.65,11.73,1800.72,15.46,0
motor_01,49,75.01,9.85,1788.14,15.75,0
motor_01,50,74.34,10.94,1796.48,15.98,0
motor_01,51,76.94,10.67,1793.58,15.42,0
motor_01,52,79.12,10.82,1800.69,15.44,0
motor_01,53,77.22,11.43,1797.42,15.57,0
motor_01,54,76.57,11.83,1801.9,15.63,0
motor_01,55,76.51,10.8,1803.71,15.42,0
motor_01,56,76.34,10.5,1798.28,15.39,0
motor_01,57,76.74,11.68,1798.88,15.68,0
motor_01,58,77.55,11.55,1805.01,15.64,0
motor_01,59,77.38,11.03,1796.96,15.52,0
motor_01,60,77.04,9.61,1801.99,15.96,0
motor_01,61,77.72,10.6,1796.86,15.75,0
motor_01,62,78.82,9.75,1802.11,15.68,0
motor_01,63,78.87,11.74,1800.28,15.81,0
motor_01,64,73.14,10.2,1796.27,15.84,0
motor_01,65,78.01,9.52,1796.4,15.28,0
motor_01,66,75.86,10.83,1797.98,15.53,0
motor_01,67,77.1,11.86,1798.71,15.74,0
motor_01,68,79.09,11.75,1798.04,15.79,0
motor_01,69,82.3,10.94,1795.68,15.45,0
motor_01,70,79.34,11.05,1803.96,15.49,0
motor_01,71,80.01,10.76,1804.79,15.89,0
motor_01,72,76.03,12.07,1801.04,15.66,0
motor_01,73,78.2,11.53,1791.92,15.81,0
motor_01,74,78.45,11.21,1796.79,16.03,0
motor_01,75,78.75,12.94,1795.36,15.79,0
motor_01,76,83.13,11.55,1800.85,15.82,0
motor_01,77,79.42,10.11,1791.37,15.9,0
motor_01,78,76.94,10.83,1797.87,16.04,0
motor_01,79,79.55,11.39,1806.19,15.86,0
motor_01,80,79.12,10.68,1798.52,15.75,0
motor_01,81,79.36,11.28,1794.33,15.82,0
motor_01,82,77.42,10.95,1799.76,16.13,0
motor_01,83,78.46,11.02,1787.72,15.82,0
motor_01,84,80.76,11.66,1803.91,15.76,0
motor_01,85,77.84,11.01,1797.94,15.69,0
motor_01,86,81.39,13.16,1807.94,16.16,0
motor_01,87,82.69,12.66,1800.21,16.01,0
motor_01,88,77.8,12.79,1802.91,15.71,0
motor_01,89,81.15,12.15,1787.23,15.98,0
motor_01,90,81.11,11.43,1789.01,15.88,0
motor_01,91,82.54,12.76,1790.56,15.83,0
motor_01,92,81.7,11.51,1798.39,16.2,0
motor_01,93,77.25,11.1,1791.93,15.76,0
motor_01,94,80.38,11.91,1798.91,15.92,0
motor_01,95,82.14,11.16,1793.78,16.08,0
motor_01,96,78.8,12.25,1801.71,16.22,0
motor_01,97,79.61,11.14,1797.78,16.05,0
motor_01,98,83.17,12.25,1796.43,15.89,0
motor_01,99,81.81,11.62,1805.4,15.85,0
motor_01,100,79.82,12.03,1796.25,16.23,0
motor_01,101,81.32,11.35,1797.0,15.94,0
motor_01,102,79.97,12.83,1802.99,16.04,0
motor_01,103,81.14,12.12,1787.86,16.0,0
motor_01,104,83.41,13.97,1797.0,16.06,0
motor_01,105,82.23,12.04,1801.03,15.92,0
motor_01,106,83.72,12.82,1793.12,16.28,0
motor_01,107,82.76,13.25,1799.97,15.7,0
motor_01,108,80.55,12.38,1794.26,16.21,0
motor_01,109,81.83,13.21,1796.6,16.47,0
motor_01,110,83.41,12.47,1796.64,16.23,0
motor_01,111,80.41,13.29,1794.98,16.28,0
motor_01,112,81.24,12.1,1805.96,16.19,0
motor_01,113,84.38,13.08,1792.07,16.03,0
motor_01,114,84.65,12.21,1796.8,16.78,0
motor_01,115,82.8,13.41,1799.01,16.45,0
motor_01,116,81.65,12.72,1805.86,16.02,0
motor_01,117,84.24,12.6,1784.81,16.41,0
motor_01,118,81.72,12.93,1803.97,16.63,0
motor_01,119,82.0,12.27,1801.78,16.43,0
motor_01,120,84.94,12.61,1800.52,16.28,0
motor_01,121,83.71,14.61,1795.59,16.38,0
motor_01,122,83.41,14.06,1793.58,16.51,0
motor_01,123,82.43,13.74,1799.8,16.7,0
motor_01,124,82.0,14.49,1795.74,16.29,0
motor_01,125,84.68,13.41,1792.17,16.3,0
motor_01,126,83.98,13.12,1788.28,16.47,0
motor_01,127,82.39,13.44,1793.71,16.65,0
motor_01,128,83.98,13.39,1795.75,16.28,0
motor_01,129,83.03,15.04,1797.51,16.17,0
motor_01,130,84.28,12.5,1793.95,16.56,0
motor_01,131,86.2,14.24,1787.85,16.58,0
motor_01,132,85.1,12.81,1796.99,16.17,0
motor_01,133,84.29,12.99,1782.65,16.93,0
motor_01,134,83.88,13.43,1789.39,16.44,0
motor_01,135,87.47,13.99,1792.04,16.49,0
motor_01,136,83.25,14.63,1795.9,16.29,0
motor_01,137,85.95,15.41,1795.34,16.31,0
motor_01,138,84.59,14.3,1799.51,16.77,0
motor_01,139,83.73,14.7,1794.12,16.84,0
motor_01,140,87.38,14.57,1797.1,16.8,0
motor_01,141,82.55,14.42,1789.46,17.02,0
motor_01,142,88.75,15.65,1799.33,16.86,0
motor_01,143,87.97,13.47,1787.87,16.65,0
motor_01,144,86.22,15.37,1792.01,16.72,0
motor_01,145,87.32,14.74,1790.43,16.42,0
motor_01,146,87.24,14.43,1798.22,16.37,0
motor_01,147,87.16,14.62,1786.93,17.09,0
motor_01,148,85.15,14.94,1788.88,16.78,0
motor_01,149,86.74,14.63,1787.55,16.73,0
motor_01,150,91.58,15.42,1788.48,16.76,0
motor_01,151,88.12,15.21,1796.99,16.54,0
motor_01,152,87.17,14.86,1788.94,16.32,0
motor_01,153,88.34,14.86,1795.88,16.66,0
motor_01,154,86.8,15.03,1791.25,16.75,0
motor_01,155,87.81,15.75,1786.96,16.17,0
motor_01,156,86.76,14.89,1790.54,16.65,0
motor_01,157,90.61,15.64,1785.73,16.81,0
motor_01,158,89.83,15.47,1791.61,17.06,0
motor_01,159,88.5,15.29,1792.61,17.0,0
motor_01,160,86.09,15.05,1788.25,16.84,0
motor_01,161,87.51,15.82,1787.91,16.92,0
motor_01,162,90.12,16.7,1782.78,16.83,0
motor_01,163,90.2,16.75,1786.02,16.58,0
motor_01,164,88.53,16.16,1789.11,17.05,0
motor_01,165,90.47,15.74,1793.57,16.31,0
motor_01,166,89.34,15.28,1790.32,17.02,0
motor_01,167,88.88,16.73,1793.18,17.01,0
motor_01,168,90.59,17.82,1791.71,16.61,0
motor_01,169,89.35,16.0,1784.34,17.03,0
motor_01,170,87.52,16.85,1784.2,17.1,0
motor_01,171,88.92,15.58,1787.44,17.38,0
motor_01,172,88.41,16.95,1786.65,16.81,0
motor_01,173,90.24,15.75,1784.83,16.87,0
motor_01,174,90.18,16.03,1783.49,17.1,0
motor_01,175,89.23,16.5,1789.09,17.14,0
motor_01,176,89.72,16.71,1788.39,17.02,0
motor_01,177,89.82,15.8,1789.46,17.11,0
motor_01,178,89.43,17.21,1791.66,17.25,0
motor_01,179,91.2,17.66,1782.57,17.38,0
motor_01,180,89.65,16.37,1788.73,17.0,0
motor_01,181,93.32,16.44,1789.34,16.95,0
motor_01,182,89.77,18.11,1790.56,16.95,0
motor_01,183,88.55,17.07,1785.97,17.54,0
motor_01,184,92.83,17.41,1777.06,16.81,0
motor_01,185,93.0,18.25,1786.14,16.78,0
motor_01,186,91.48,16.69,1774.56,17.48,0
motor_01,187,91.53,17.62,1789.3,16.91,0
motor_01,188,93.82,18.94,1783.04,16.95,0
motor_01,189,93.09,15.52,1782.61,16.92,0
motor_01,190,94.61,18.54,1779.73,17.27,0
motor_01,191,91.85,17.23,1783.48,17.49,0
motor_01,192,92.28,16.47,1779.07,17.62,0
motor_01,193,89.17,17.51,1778.83,17.22,0
motor_01,194,92.38,18.06,1786.35,17.25,0
motor_01,195,93.26,17.46,1779.08,17.06,0
motor_01,196,91.48,19.0,1773.15,17.5,0
motor_01,197,92.48,18.12,1779.78,16.74,0
motor_01,198,90.51,19.26,1781.36,17.18,0
motor_01,199,92.57,18.0,1780.65,16.95,0
motor_01,200,94.65,18.18,1777.49,16.94,0
motor_01,201,91.22,17.72,1782.52,17.51,0
motor_01,202,91.97,19.06,1776.92,17.15,0
motor_01,203,93.68,19.0,1775.99,16.99,0
motor_01,204,90.4,18.29,1781.1,17.06,0
motor_01,205,94.89,18.61,1778.85,17.33,0
motor_01,206,91.53,18.27,1775.03,17.51,0
motor_01,207,95.52,18.59,1770.06,16.88,0
motor_01,208,92.37,18.13,1771.92,17.63,0
motor_01,209,94.96,19.71,1774.56,17.5,0
motor_01,210,90.94,20.4,1774.71,17.32,0
motor_01,211,92.31,18.88,1774.54,16.91,0
motor_01,212,93.91,18.93,1782.79,17.27,0
motor_01,213,93.15,19.15,1773.82,17.32,0
motor_01,214,95.38,19.39,1778.03,17.54,0
motor_01,215,94.18,19.08,1769.33,17.49,0
motor_01,216,94.8,20.7,1784.1,17.35,0
motor_01,217,93.91,21.68,1764.03,18.0,0
motor_01,218,94.31,20.45,1774.81,17.6,0
motor_01,219,96.92,19.4,1774.68,17.24,0
motor_01,220,94.2,20.71,1775.97,17.2,0
motor_01,221,95.85,21.12,1775.25,17.31,0
motor_01,222,95.6,20.81,1784.7,17.19,0
motor_01,223,94.0,18.9,1769.3,17.43,0
motor_01,224,96.27,21.62,1770.34,17.35,0
motor_01,225,96.8,21.45,1769.53,17.35,0
motor_01,226,96.3,21.0,1775.19,17.66,0
motor_01,227,95.54,22.27,1769.96,17.55,0
motor_01,228,96.24,19.66,1779.75,17.27,0
motor_01,229,97.04,21.11,1764.9,17.59,0
motor_01,230,95.44,21.53,1769.4,17.6,0
motor_01,231,97.87,20.95,1761.93,17.78,0
motor_01,232,97.78,21.91,1771.67,18.06,0
motor_01,233,96.1,21.27,1758.7,17.92,0
motor_01,234,96.94,22.79,1765.48,17.59,0
motor_01,235,97.77,22.79,1762.08,17.4,0
motor_01,236,97.45,22.51,1769.74,17.69,0
motor_01,237,95.23,20.11,1772.87,17.51,0
motor_01,238,95.62,22.58,1761.42,17.83,0
motor_01,239,97.32,22.92,1768.6,17.75,0
motor_01,240,97.4,22.21,1768.33,17.63,0
motor_01,241,97.25,21.8,1763.13,17.69,0
motor_01,242,95.04,22.4,1767.9,17.72,0
motor_01,243,97.35,22.79,1759.49,17.8,0
motor_01,244,97.97,22.84,1757.37,17.29,0
motor_01,245,95.13,23.76,1759.62,17.81,0
motor_01,246,99.15,23.17,1765.11,17.89,0
motor_01,247,99.53,24.17,1757.57,17.98,0
motor_01,248,96.71,23.09,1755.2,17.77,0
motor_01,249,99.01,22.76,1764.89,17.93,0
motor_01,250,99.18,25.44,1755.5,18.04,0
motor_01,251,97.63,23.25,1756.18,17.84,0
motor_01,252,99.24,23.89,1762.58,18.32,0
motor_01,253,97.38,23.32,1753.68,17.85,0
motor_01,254,100.39,23.17,1755.13,17.92,0
motor_01,255,96.0,23.28,1751.06,17.74,0
motor_01,256,98.64,21.68,1757.93,17.71,0
motor_01,257,98.46,24.86,1750.6,17.99,0
motor_01,258,96.66,23.81,1749.54,17.86,0
motor_01,259,98.25,23.18,1743.92,17.69,0
motor_01,260,98.82,24.94,1753.5,17.94,0
motor_01,261,100.42,24.54,1758.03,17.77,0
motor_01,262,101.8,25.62,1756.71,17.87,0
motor_01,263,96.93,25.39,1757.08,17.84,0
motor_01,264,99.86,24.19,1751.66,18.06,0
motor_01,265,99.72,24.64,1744.37,18.12,1
motor_02,1,68.69,9.82,1801.38,15.29,0
motor_02,2,69.86,9.11,1797.33,14.9,0
motor_02,3,71.55,10.82,1798.32,15.08,0
motor_02,4,70.16,10.09,1806.83,14.97,0
motor_02,5,69.37,10.05,1805.21,15.2,0
motor_02,6,68.36,8.68,1810.06,14.98,0
motor_02,7,72.37,10.06,1797.37,15.19,0
motor_02,8,70.48,10.04,1800.43,14.66,0
motor_02,9,70.67,9.94,1800.3,14.69,0
motor_02,10,69.16,8.62,1803.43,15.24,0
motor_02,11,75.65,10.66,1804.63,14.98,0
motor_02,12,71.6,11.53,1800.6,14.96,0
motor_02,13,69.44,8.41,1801.32,15.1,0
motor_02,14,67.56,9.95,1795.27,15.24,0
motor_02,15,73.47,10.32,1799.57,15.23,0
motor_02,16,71.69,11.58,1795.33,14.81,0
motor_02,17,71.77,11.66,1800.18,15.13,0
motor_02,18,72.62,11.07,1800.8,15.71,0
motor_02,19,74.18,11.14,1802.21,15.42,0
motor_02,20,71.61,10.3,1807.67,15.16,0
motor_02,21,70.59,10.95,1800.91,15.28,0
motor_02,22,71.93,11.49,1807.79,15.24,0
motor_02,23,72.54,10.54,1794.41,15.31,0
motor_02,24,71.55,10.39,1806.05,15.32,0
motor_02,25,71.93,10.24,1808.56,15.42,0
motor_02,26,72.58,10.95,1791.79,14.95,0
motor_02,27,74.09,10.32,1795.12,15.3,0
motor_02,28,75.61,10.89,1807.68,15.25,0
motor_02,29,72.59,9.88,1799.94,15.17,0
motor_02,30,73.16,8.96,1801.38,15.45,0
motor_02,31,75.28,8.89,1798.7,15.27,0
motor_02,32,73.62,9.81,1801.32,15.52,0
motor_02,33,75.87,8.85,1795.98,15.28,0
motor_02,34,72.19,11.07,1806.65,15.18,0
motor_02,35,75.05,9.85,1801.21,15.38,0
motor_02,36,72.94,9.83,1796.73,15.43,0
motor_02,37,74.21,12.1,1797.71,15.17,0
motor_02,38,72.65,9.95,1796.85,15.52,0
motor_02,39,73.97,11.03,1799.61,15.4,0
motor_02,40,74.94,10.62,1808.89,15.43,0
motor_02,41,73.37,10.99,1804.18,15.2,0
motor_02,42,72.54,9.41,1804.77,15.54,0
motor_02,43,74.31,10.5,1791.93,15.24,0
motor_02,44,73.5,10.97,1793.92,15.75,0
motor_02,45,75.73,10.97,1800.44,15.55,0
motor_02,46,75.04,10.08,1799.67,15.19,0
motor_02,47,73.14,8.79,1803.48,15.46,0
motor_02,48,74.49,10.07,1791.43,15.66,0
motor_02,49,74.67,10.51,1794.71,15.3,0
motor_02,50,72.75,10.76,1798.96,15.66,0
motor_02,51,74.2,9.79,1799.09,15.33,0
motor_02,52,76.9,9.96,1797.64,15.67,0
motor_02,53,78.1,12.1,1795.59,15.44,0
motor_02,54,74.22,11.1,1808.99,15.44,0
motor_02,55,76.94,10.53,1786.45,15.51,0
motor_02,56,74.08,11.75,1792.61,15.45,0
motor_02,57,74.17,11.47,1799.15,15.54,0
motor_02,58,76.44,11.09,1799.72,15.29,0
motor_02,59,77.46,9.79,1801.02,15.6,0
motor_02,60,75.83,11.21,1788.82,15.78,0
motor_02,61,78.19,10.15,1799.66,15.88,0
motor_02,62,76.92,12.18,1797.66,15.54,0
motor_02,63,79.1,10.8,1804.65,15.7,0
motor_02,64,75.25,11.04,1801.56,15.15,0
motor_02,65,78.41,10.66,1795.85,15.92,0
motor_02,66,77.73,11.57,1798.09,15.96,0
motor_02,67,75.22,10.95,1803.06,15.79,0
motor_02,68,78.5,11.09,1801.53,15.61,0
motor_02,69,77.19,10.61,1781.99,15.83,0
motor_02,70,77.38,10.92,1794.63,15.88,0
motor_02,71,79.0,10.14,1798.15,16.0,0
motor_02,72,77.3,12.08,1802.95,15.93,0
motor_02,73,79.99,11.47,1799.68,15.79,0
motor_02,74,78.0,12.12,1795.57,15.31,0
motor_02,75,77.96,11.25,1802.38,15.54,0
motor_02,76,77.76,11.21,1799.55,15.75,0
motor_02,77,80.99,12.52,1804.47,15.87,0
motor_02,78,79.96,11.47,1808.17,15.54,0
motor_02,79,77.6,11.88,1803.66,15.39,0
motor_02,80,78.69,10.16,1794.71,16.01,0
motor_02,81,80.29,12.85,1800.93,16.15,0
motor_02,82,78.79,11.61,1801.25,15.96,0
motor_02,83,78.18,11.9,1809.69,16.18,0
motor_02,84,79.93,11.61,1793.9,16.0,0
motor_02,85,78.71,10.9,1802.87,15.98,0
motor_02,86,78.64,11.43,1791.53,15.74,0
motor_02,87,79.56,12.33,1791.63,15.67,0
motor_02,88,82.1,12.72,1792.23,15.92,0
motor_02,89,78.41,12.09,1796.53,15.74,0
motor_02,90,80.32,10.44,1804.33,16.02,0
motor_02,91,80.36,11.0,1796.38,16.26,0
motor_02,92,80.88,12.1,1817.78,16.15,0
motor_02,93,79.71,11.67,1800.29,16.12,0
motor_02,94,82.28,12.19,1803.62,16.0,0
motor_02,95,79.37,11.32,1797.36,16.06,0
motor_02,96,81.63,13.31,1796.7,15.84,0
motor_02,97,81.47,12.12,1798.42,16.3,0
motor_02,98,79.2,10.4,1801.57,15.97,0
motor_02,99,81.16,12.58,1797.75,16.02,0
motor_02,100,79.2,11.56,1803.09,15.84,0
motor_02,101,80.81,12.28,1794.57,16.21,0
motor_02,102,82.25,12.96,1796.06,16.37,0
motor_02,103,84.36,12.17,1792.69,16.12,0
motor_02,104,77.77,12.05,1798.81,16.03,0
motor_02,105,79.87,13.06,1795.1,16.15,0
motor_02,106,81.92,13.41,1803.13,16.18,0
motor_02,107,84.69,11.87,1796.58,15.79,0
motor_02,108,81.72,12.78,1800.35,16.16,0
motor_02,109,82.63,13.04,1805.69,16.42,0
motor_02,110,83.07,13.59,1799.63,15.82,0
motor_02,111,82.62,12.91,1789.65,16.21,0
motor_02,112,83.42,13.22,1799.71,16.21,0
motor_02,113,82.96,11.86,1796.01,16.53,0
motor_02,114,82.49,12.03,1798.08,16.14,0
motor_02,115,82.54,13.77,1795.66,16.73,0
motor_02,116,80.4,12.61,1797.63,16.24,0
motor_02,117,80.63,12.04,1792.34,16.18,0
motor_02,118,82.36,12.83,1796.4,16.19,0
motor_02,119,81.58,13.54,1789.07,15.95,0
motor_02,120,83.48,12.58,1788.68,16.58,0
motor_02,121,81.99,12.83,1801.06,16.43,0
motor_02,122,81.12,11.58,1798.21,16.19,0
motor_02,123,84.34,13.59,1784.42,16.3,0
motor_02,124,81.96,12.35,1796.44,16.3,0
motor_02,125,84.65,12.68,1810.79,16.69,0
motor_02,126,85.4,13.89,1795.71,16.23,0
motor_02,127,86.17,11.78,1788.37,16.41,0
motor_02,128,83.59,12.71,1791.23,16.05,0
motor_02,129,84.63,12.67,1797.19,16.6,0
motor_02,130,85.52,13.32,1802.78,16.0,0
motor_02,131,84.64,13.53,1789.1,16.63,0
motor_02,132,85.6,14.89,1802.61,16.06,0
motor_02,133,85.99,13.72,1797.51,16.44,0
motor_02,134,80.18,13.6,1793.94,16.49,0
motor_02,135,84.53,12.99,1801.17,16.68,0
motor_02,136,84.78,15.19,1793.06,16.36,0
motor_02,137,83.8,13.67,1797.64,16.2,0
motor_02,138,83.49,14.05,1785.43,16.44,0
motor_02,139,84.14,13.49,1798.14,16.56,0
motor_02,140,87.82,13.7,1801.5,16.87,0
motor_02,141,85.45,13.76,1789.88,16.67,0
motor_02,142,86.32,13.57,1798.25,16.49,0
motor_02,143,85.98,14.76,1779.0,16.39,0
motor_02,144,87.0,13.86,1796.13,16.66,0
motor_02,145,85.63,14.63,1794.19,16.38,0
motor_02,146,85.06,15.2,1791.06,16.29,0
motor_02,147,84.4,14.27,1793.14,16.71,0
motor_02,148,89.62,12.59,1794.1,16.93,0
motor_02,149,88.51,15.54,1792.02,16.16,0
motor_02,150,86.56,13.72,1794.14,16.63,0
motor_02,151,87.56,15.03,1791.98,16.82,0
motor_02,152,86.71,13.61,1794.45,16.49,0
motor_02,153,87.83,14.83,1793.06,16.86,0
motor_02,154,84.87,14.08,1795.6,16.73,0
motor_02,155,85.31,14.93,1791.64,17.01,0
motor_02,156,87.97,15.82,1791.75,16.81,0
motor_02,157,85.65,14.98,1788.1,16.51,0
motor_02,158,85.18,15.4,1787.32,16.51,0
motor_02,159,85.66,14.43,1789.5,16.81,0
motor_02,160,87.15,13.27,1790.33,16.66,0
motor_02,161,87.85,15.33,1777.37,16.78,0
motor_02,162,88.12,15.67,1783.0,16.92,0
motor_02,163,86.44,15.07,1799.2,16.65,0
motor_02,164,85.06,15.76,1784.49,16.66,0
motor_02,165,89.8,14.5,1795.13,17.07,0
motor_02,166,85.7,14.4,1798.81,16.92,0
motor_02,167,87.39,15.95,1786.49,17.08,0
motor_02,168,90.08,16.79,1785.11,16.5,0
motor_02,169,91.62,14.7,1785.84,16.7,0
motor_02,170,86.41,15.61,1792.26,16.8,0
motor_02,171,88.57,16.24,1788.43,16.75,0
motor_02,172,90.08,15.88,1790.65,16.81,0
motor_02,173,85.78,16.35,1781.94,17.0,0
motor_02,174,88.91,16.13,1786.75,16.87,0
motor_02,175,88.34,16.24,1783.74,17.17,0
motor_02,176,87.57,15.05,1791.25,16.79,0
motor_02,177,88.51,16.01,1786.94,16.91,0
motor_02,178,90.94,17.66,1786.14,16.95,0
motor_02,179,92.15,15.67,1787.57,16.85,0
motor_02,180,90.43,16.34,1792.21,16.8,0
motor_02,181,88.66,16.79,1787.86,16.78,0
motor_02,182,90.04,15.47,1783.95,17.24,0
motor_02,183,90.1,16.56,1778.56,16.95,0
motor_02,184,88.27,16.6,1786.39,16.98,0
motor_02,185,91.6,16.88,1778.96,16.95,0
motor_02,186,88.75,15.95,1781.67,16.99,0
motor_02,187,90.15,16.48,1786.89,17.36,0
motor_02,188,92.45,15.86,1789.4,17.21,0
motor_02,189,89.47,18.22,1779.2,17.13,0
motor_02,190,90.18,15.98,1774.2,17.19,0
motor_02,191,90.34,17.33,1779.06,17.01,0
motor_02,192,92.6,18.17,1791.84,17.32,0
motor_02,193,92.83,17.9,1788.14,16.86,0
motor_02,194,90.83,18.71,1786.72,16.93,0
motor_02,195,91.71,18.06,1779.67,17.09,0
motor_02,196,91.76,18.08,1781.16,17.49,0
motor_02,197,93.57,18.24,1789.91,17.4,0
motor_02,198,91.49,19.94,1788.09,17.2,0
motor_02,199,91.48,17.66,1773.61,17.21,0
motor_02,200,90.82,17.34,1775.7,17.1,0
motor_02,201,93.22,19.16,1786.38,17.36,0
motor_02,202,88.06,19.53,1783.6,17.41,0
motor_02,203,91.95,17.47,1776.49,17.47,0
motor_02,204,93.56,17.83,1769.29,17.03,0
motor_02,205,92.21,18.19,1773.17,17.32,0
motor_02,206,92.15,18.36,1773.98,17.17,0
motor_02,207,93.15,18.94,1773.64,17.43,0
motor_02,208,91.18,17.06,1778.2,17.65,0
motor_02,209,92.44,20.04,1777.81,17.47,0
motor_02,210,92.49,18.56,1775.66,16.84,0
motor_02,211,94.78,20.42,1779.93,17.7,0
motor_02,212,92.59,19.18,1771.74,17.39,0
motor_02,213,93.59,18.08,1774.62,17.35,0
motor_02,214,93.63,20.43,1776.34,17.74,0
motor_02,215,93.14,20.3,1771.47,17.21,0
motor_02,216,92.89,20.21,1785.92,17.03,0
motor_02,217,93.79,19.53,1771.37,17.63,0
motor_02,218,91.51,17.92,1777.46,17.52,0
motor_02,219,95.03,18.55,1777.03,17.49,0
motor_02,220,91.02,19.2,1778.94,17.27,0
motor_02,221,93.48,19.8,1775.31,17.27,0
motor_02,222,92.71,19.25,1767.27,17.49,0
motor_02,223,94.05,19.27,1773.33,17.55,0
motor_02,224,95.3,19.29,1773.09,17.39,0
motor_02,225,94.68,19.63,1769.82,17.4,0
motor_02,226,94.08,21.51,1768.38,17.39,0
motor_02,227,97.77,19.56,1772.02,17.57,0
motor_02,228,94.68,20.84,1761.57,17.72,0
motor_02,229,93.87,20.93,1763.69,17.48,0
motor_02,230,95.13,19.79,1773.97,17.4,0
motor_02,231,93.94,20.22,1766.14,17.92,0
motor_02,232,94.58,19.56,1771.05,17.58,0
motor_02,233,95.76,20.74,1773.56,17.43,0
motor_02,234,93.45,19.45,1772.22,17.54,0
motor_02,235,94.27,20.34,1777.43,18.03,0
motor_02,236,95.98,20.72,1761.73,17.84,0
motor_02,237,96.44,20.65,1762.4,17.35,0
motor_02,238,93.97,20.94,1763.09,17.6,0
motor_02,239,96.18,19.76,1775.76,17.61,0
motor_02,240,97.64,22.18,1773.68,17.19,0
motor_02,241,96.52,22.33,1765.48,17.84,0
motor_02,242,96.85,21.02,1765.76,17.82,0
motor_02,243,93.9,22.03,1766.9,17.56,0
motor_02,244,95.57,21.86,1758.94,17.44,0
motor_02,245,93.62,22.24,1767.61,17.58,0
motor_02,246,95.34,20.97,1757.99,17.89,0
motor_02,247,95.82,21.81,1769.29,17.67,0
motor_02,248,99.96,21.64,1774.23,17.71,0
motor_02,249,97.96,21.92,1763.58,17.85,0
motor_02,250,96.34,23.8,1763.35,17.63,0
motor_02,251,96.16,22.7,1765.86,17.83,0
motor_02,252,98.27,22.56,1760.44,17.71,0
motor_02,253,99.08,23.31,1766.66,17.83,0
motor_02,254,97.57,22.77,1760.18,17.63,0
motor_02,255,99.62,23.66,1752.94,17.68,0
motor_02,256,98.12,24.13,1759.52,17.67,0
motor_02,257,98.05,22.18,1753.2,17.67,0
motor_02,258,98.7,22.8,1759.81,17.91,0
motor_02,259,96.49,23.54,1753.17,17.78,0
motor_02,260,97.63,22.64,1761.44,18.07,0
motor_02,261,99.28,22.41,1755.41,17.82,0
motor_02,262,99.74,22.43,1749.13,17.66,0
motor_02,263,97.91,24.93,1753.38,18.03,0
motor_02,264,99.87,22.6,1756.6,18.12,0
motor_02,265,96.34,24.15,1766.95,17.69,0
motor_02,266,98.66,23.8,1758.58,17.63,0
motor_02,267,98.9,25.44,1768.04,17.71,0
motor_02,268,98.07,23.21,1750.3,17.87,0
motor_02,269,98.92,25.77,1747.02,17.89,0
motor_02,270,100.61,24.36,1748.47,17.93,0
motor_02,271,100.35,24.06,1759.01,18.16,0
motor_02,272,100.14,24.53,1747.17,17.73,0
motor_02,273,99.82,24.29,1753.44,17.92,0
motor_02,274,97.8,23.13,1748.16,17.91,0
motor_02,275,99.9,23.93,1749.16,18.06,1
motor_03,1,72.08,9.53,1808.23,14.9,0
motor_03,2,70.5,10.35,1807.55,15.03,0
motor_03,3,72.43,10.19,1796.16,14.87,0
motor_03,4,70.52,11.59,1803.8,15.45,0
motor_03,5,68.71,9.25,1799.81,15.69,0
motor_03,6,71.2,10.02,1803.25,15.06,0
motor_03,7,69.85,9.31,1804.89,15.27,0
motor_03,8,71.29,9.81,1799.98,15.0,0
motor_03,9,70.03,11.26,1800.81,14.9,0
motor_03,10,71.35,9.1,1802.37,15.37,0
motor_03,11,71.33,8.86,1801.26,14.95,0
motor_03,12,71.34,8.83,1805.02,15.33,0
motor_03,13,70.88,10.62,1800.63,15.17,0
motor_03,14,71.97,10.29,1791.64,15.17,0
motor_03,15,73.24,10.62,1793.8,15.19,0
motor_03,16,71.91,11.33,1788.24,15.35,0
motor_03,17,73.77,11.6,1804.18,15.4,0
motor_03,18,75.04,9.34,1801.98,15.42,0
motor_03,19,72.48,9.35,1794.82,15.0,0
motor_03,20,73.28,11.14,1804.09,15.21,0
motor_03,21,73.51,10.8,1804.63,15.3,0
motor_03,22,71.36,8.9,1795.76,15.22,0
motor_03,23,74.32,10.46,1796.8,15.3,0
motor_03,24,74.41,10.35,1793.55,15.17,0
motor_03,25,73.42,10.17,1796.63,15.25,0
motor_03,26,73.49,9.6,1794.75,15.19,0
motor_03,27,75.61,10.97,1803.6,15.53,0
motor_03,28,75.63,9.73,1800.83,15.52,0
motor_03,29,75.05,10.75,1801.7,15.51,0
motor_03,30,77.72,11.48,1799.64,15.56,0
motor_03,31,74.98,10.79,1806.49,15.08,0
motor_03,32,75.08,8.45,1800.41,15.5,0
motor_03,33,73.43,9.68,1807.37,15.17,0
motor_03,34,75.09,11.3,1800.79,15.29,0
motor_03,35,76.57,11.15,1795.15,15.63,0
motor_03,36,77.19,10.48,1798.54,15.52,0
motor_03,37,75.85,11.87,1799.61,15.48,0
motor_03,38,74.88,12.1,1793.48,15.17,0
motor_03,39,76.94,9.4,1809.39,15.64,0
motor_03,40,74.82,11.26,1797.52,15.79,0
motor_03,41,75.95,9.87,1794.12,15.53,0
motor_03,42,75.34,9.97,1803.42,15.63,0
motor_03,43,75.65,10.29,1809.23,15.98,0
motor_03,44,76.25,11.23,1807.26,15.67,0
motor_03,45,76.39,10.06,1798.58,15.53,0
motor_03,46,77.94,10.26,1794.8,15.67,0
motor_03,47,78.02,11.88,1796.16,16.07,0
motor_03,48,73.13,10.26,1805.6,15.51,0
motor_03,49,76.32,9.67,1803.54,15.69,0
motor_03,50,76.85,10.77,1800.94,15.61,0
motor_03,51,77.41,11.41,1798.05,15.88,0
motor_03,52,80.0,9.56,1803.0,15.33,0
motor_03,53,75.91,10.07,1794.61,15.48,0
motor_03,54,77.91,10.66,1792.65,15.65,0
motor_03,55,76.33,9.74,1803.17,15.97,0
motor_03,56,74.97,12.58,1798.01,15.44,0
motor_03,57,75.89,9.74,1796.72,15.69,0
motor_03,58,78.0,12.76,1807.22,15.5,0
motor_03,59,78.73,11.77,1803.41,16.07,0
motor_03,60,78.15,12.25,1801.15,16.14,0
motor_03,61,75.87,11.29,1799.67,15.77,0
motor_03,62,79.75,11.09,1793.74,15.75,0
motor_03,63,78.52,11.37,1798.92,15.98,0
motor_03,64,80.86,11.3,1793.02,16.32,0
motor_03,65,80.3,11.13,1798.55,16.13,0
motor_03,66,77.77,11.0,1793.52,15.84,0
motor_03,67,78.86,10.75,1798.74,15.88,0
motor_03,68,78.35,10.8,1806.85,16.29,0
motor_03,69,79.5,11.56,1798.06,15.45,0
motor_03,70,80.07,11.54,1789.95,16.02,0
motor_03,71,81.73,11.27,1807.53,16.08,0
motor_03,72,80.56,11.67,1795.41,15.78,0
motor_03,73,81.88,11.39,1804.07,16.4,0
motor_03,74,80.99,12.23,1792.5,15.76,0
motor_03,75,80.18,12.17,1803.15,15.82,0
motor_03,76,82.31,12.4,1792.39,15.98,0
motor_03,77,79.49,12.43,1801.02,15.77,0
motor_03,78,83.33,11.61,1789.89,16.02,0
motor_03,79,79.95,12.04,1804.89,15.93,0
motor_03,80,80.23,11.96,1791.1,16.13,0
motor_03,81,80.29,12.38,1801.93,16.02,0
motor_03,82,80.46,12.81,1796.41,16.0,0
motor_03,83,80.15,12.32,1804.05,15.78,0
motor_03,84,83.64,13.04,1803.22,15.95,0
motor_03,85,79.86,12.47,1796.07,16.2,0
motor_03,86,78.6,11.17,1801.44,16.03,0
motor_03,87,84.27,11.36,1796.68,16.27,0
motor_03,88,81.5,12.23,1799.37,16.05,0
motor_03,89,82.2,12.94,1810.14,16.22,0
motor_03,90,82.11,13.3,1788.2,15.98,0
motor_03,91,81.57,11.79,1798.26,16.17,0
motor_03,92,81.38,12.1,1796.84,16.08,0
motor_03,93,82.88,13.09,1799.43,16.18,0
motor_03,94,82.39,13.47,1805.5,16.58,0
motor_03,95,83.23,12.73,1795.66,16.31,0
motor_03,96,82.63,13.61,1791.06,16.55,0
motor_03,97,81.59,12.76,1803.16,16.23,0
motor_03,98,83.4,13.48,1799.02,16.27,0
motor_03,99,80.31,13.49,1798.03,16.32,0
motor_03,100,82.24,12.78,1796.05,16.2,0
motor_03,101,83.37,12.34,1799.36,16.13,0
motor_03,102,82.32,14.04,1803.04,16.38,0
motor_03,103,82.77,12.26,1788.95,16.46,0
motor_03,104,83.42,11.99,1790.85,16.44,0
motor_03,105,83.68,12.39,1793.03,16.72,0
motor_03,106,83.12,13.72,1795.4,16.4,0
motor_03,107,84.35,14.12,1797.14,16.27,0
motor_03,108,84.13,12.46,1795.58,16.27,0
motor_03,109,83.78,13.24,1795.84,16.42,0
motor_03,110,82.66,14.49,1793.88,16.63,0
motor_03,111,84.56,13.93,1782.68,16.79,0
motor_03,112,84.31,12.95,1798.46,16.56,0
motor_03,113,83.61,13.77,1787.02,16.5,0
motor_03,114,84.93,15.16,1811.56,16.4,0
motor_03,115,86.85,13.73,1788.39,16.35,0
motor_03,116,87.74,13.84,1793.41,16.62,0
motor_03,117,84.06,14.49,1795.36,16.42,0
motor_03,118,88.24,16.24,1795.69,16.88,0
motor_03,119,86.41,13.85,1794.42,16.71,0
motor_03,120,85.68,14.65,1794.89,16.71,0
motor_03,121,86.4,14.69,1790.99,16.5,0
motor_03,122,87.53,14.08,1791.28,16.52,0
motor_03,123,85.68,13.9,1799.54,16.62,0
motor_03,124,85.61,13.9,1790.2,16.75,0
motor_03,125,87.41,14.45,1783.51,16.72,0
motor_03,126,85.52,15.33,1783.47,16.75,0
motor_03,127,88.39,13.84,1786.34,16.97,0
motor_03,128,87.47,15.17,1782.83,16.66,0
motor_03,129,88.06,13.88,1799.66,16.71,0
motor_03,130,86.75,13.69,1792.13,17.12,0
motor_03,131,88.71,16.26,1791.26,16.63,0
motor_03,132,87.16,15.41,1788.5,16.83,0
motor_03,133,87.59,15.39,1785.4,16.81,0
motor_03,134,87.54,13.78,1794.48,16.77,0
motor_03,135,88.56,14.23,1791.34,16.88,0
motor_03,136,88.75,16.33,1791.51,16.83,0
motor_03,137,87.3,17.07,1788.34,17.16,0
motor_03,138,87.93,16.29,1787.3,16.93,0
motor_03,139,89.57,15.16,1783.57,16.61,0
motor_03,140,87.68,16.16,1790.38,17.13,0
motor_03,141,89.58,16.31,1780.99,16.73,0
motor_03,142,90.41,14.68,1789.5,16.68,0
motor_03,143,87.59,16.43,1790.18,17.09,0
motor_03,144,87.48,15.05,1778.69,16.76,0
motor_03,145,89.71,15.9,1776.9,17.18,0
motor_03,146,89.65,17.09,1779.52,16.82,0
motor_03,147,91.56,16.71,1788.05,17.13,0
motor_03,148,88.5,17.12,1790.81,16.78,0
motor_03,149,92.51,15.95,1771.73,16.94,0
motor_03,150,90.81,16.12,1789.85,16.91,0
motor_03,151,92.94,16.47,1792.59,16.73,0
motor_03,152,89.24,17.73,1796.17,17.26,0
motor_03,153,87.45,15.7,1786.23,17.3,0
motor_03,154,94.94,18.13,1792.29,17.28,0
motor_03,155,88.98,16.16,1783.71,16.89,0
motor_03,156,93.19,16.92,1777.81,17.05,0
motor_03,157,90.52,16.92,1787.03,17.02,0
motor_03,158,95.19,17.75,1784.62,17.39,0
motor_03,159,90.37,16.86,1780.86,17.07,0
motor_03,160,89.92,16.76,1784.95,17.26,0
motor_03,161,91.09,17.4,1781.36,16.98,0
motor_03,162,91.19,17.65,1777.7,17.13,0
motor_03,163,90.48,16.8,1788.41,17.05,0
motor_03,164,92.78,17.66,1781.94,17.04,0
motor_03,165,90.85,18.24,1780.4,16.83,0
motor_03,166,93.76,17.87,1776.27,17.13,0
motor_03,167,91.68,18.44,1778.12,17.14,0
motor_03,168,93.16,19.27,1784.24,17.39,0
motor_03,169,90.68,19.51,1782.91,17.15,0
motor_03,170,89.47,18.68,1774.39,17.12,0
motor_03,171,93.6,19.94,1770.48,17.56,0
motor_03,172,94.66,17.4,1774.7,17.43,0
motor_03,173,94.42,18.05,1774.49,17.37,0
motor_03,174,91.93,20.27,1772.98,17.07,0
motor_03,175,92.86,19.34,1774.79,17.13,0
motor_03,176,93.19,19.19,1774.18,17.13,0
motor_03,177,93.45,19.4,1782.59,17.25,0
motor_03,178,90.94,19.35,1768.4,17.44,0
motor_03,179,91.78,19.91,1783.78,17.25,0
motor_03,180,96.71,19.37,1780.63,17.35,0
motor_03,181,94.26,20.49,1766.53,17.54,0
motor_03,182,92.28,20.45,1773.01,17.51,0
motor_03,183,91.18,19.72,1767.69,17.2,0
motor_03,184,95.15,20.23,1772.3,17.94,0
motor_03,185,96.72,19.98,1775.86,17.3,0
motor_03,186,93.83,20.97,1771.36,17.66,0
motor_03,187,94.06,21.18,1774.7,17.1,0
motor_03,188,94.11,20.41,1770.0,17.15,0
motor_03,189,97.86,20.76,1770.4,17.05,0
motor_03,190,93.52,19.78,1775.99,17.56,0
motor_03,191,95.29,21.17,1769.0,17.64,0
motor_03,192,95.64,21.48,1766.18,17.47,0
motor_03,193,93.63,20.9,1767.05,17.73,0
motor_03,194,96.82,21.45,1762.43,17.64,0
motor_03,195,93.63,21.35,1760.85,17.35,0
motor_03,196,95.41,22.53,1766.63,17.69,0
motor_03,197,98.4,21.35,1766.55,17.68,0
motor_03,198,95.29,21.8,1776.51,17.41,0
motor_03,199,96.41,23.55,1775.55,17.89,0
motor_03,200,96.32,20.95,1769.14,17.84,0
motor_03,201,98.32,22.86,1764.37,17.93,0
motor_03,202,95.21,21.37,1768.5,17.43,0
motor_03,203,95.75,23.48,1763.04,18.05,0
motor_03,204,96.1,22.54,1763.09,17.79,0
motor_03,205,98.63,22.03,1762.73,17.43,0
motor_03,206,93.4,23.83,1761.12,17.95,0
motor_03,207,97.81,23.91,1763.7,18.03,0
motor_03,208,97.75,22.03,1754.26,17.76,0
motor_03,209,96.94,22.65,1768.98,18.06,0
motor_03,210,99.51,22.25,1758.5,17.91,0
motor_03,211,97.88,23.92,1754.54,18.11,0
motor_03,212,96.49,22.62,1754.2,17.84,0
motor_03,213,100.02,23.72,1759.49,18.05,0
motor_03,214,100.47,24.63,1751.65,17.75,0
motor_03,215,98.23,24.01,1754.16,18.24,0
motor_03,216,99.88,22.1,1750.29,17.92,0
motor_03,217,98.79,26.66,1759.16,17.96,0
motor_03,218,98.55,24.96,1758.32,17.81,0
motor_03,219,99.51,23.21,1749.86,17.71,0
motor_03,220,100.8,25.2,1742.97,17.97,0
motor_03,221,100.03,24.78,1745.78,18.27,0
motor_03,222,99.29,23.39,1749.76,17.78,0
motor_03,223,100.69,25.02,1753.85,18.23,0
motor_03,224,100.35,25.28,1752.42,17.56,1
motor_04,1,69.05,11.31,1805.09,14.88,0
motor_04,2,68.97,10.49,1798.36,15.03,0
motor_04,3,71.33,9.31,1798.9,14.96,0
motor_04,4,69.47,9.97,1802.25,15.17,0
motor_04,5,71.04,9.26,1798.69,14.8,0
motor_04,6,69.87,9.47,1803.4,14.88,0
motor_04,7,69.65,11.2,1787.36,15.23,0
motor_04,8,70.33,10.07,1798.39,15.28,0
motor_04,9,70.47,10.51,1793.7,15.41,0
motor_04,10,71.9,10.51,1795.16,15.19,0
motor_04,11,71.9,8.49,1796.66,14.99,0
motor_04,12,72.28,11.5,1799.85,15.48,0
motor_04,13,69.13,10.23,1794.34,14.7,0
motor_04,14,71.07,9.82,1795.46,15.23,0
motor_04,15,71.97,11.44,1801.0,15.24,0
motor_04,16,69.87,10.53,1798.44,15.11,0
motor_04,17,73.3,9.45,1805.38,14.8,0
motor_04,18,72.34,10.08,1798.78,14.96,0
motor_04,19,69.91,10.21,1793.62,15.19,0
motor_04,20,72.59,9.61,1795.63,15.23,0
motor_04,21,74.04,10.02,1805.19,15.12,0
motor_04,22,67.45,10.44,1803.33,15.29,0
motor_04,23,73.01,11.18,1800.44,14.92,0
motor_04,24,72.55,9.69,1798.22,15.35,0
motor_04,25,72.92,11.26,1802.95,15.36,0
motor_04,26,72.93,9.35,1794.91,15.45,0
motor_04,27,74.08,9.47,1801.8,15.46,0
motor_04,28,73.0,9.2,1802.49,15.3,0
motor_04,29,74.91,10.39,1796.9,15.53,0
motor_04,30,71.49,9.49,1796.24,15.43,0
motor_04,31,71.92,9.25,1809.06,15.41,0
motor_04,32,73.28,11.68,1809.2,15.25,0
motor_04,33,75.17,10.56,1797.14,15.47,0
motor_04,34,73.33,11.28,1799.6,15.05,0
motor_04,35,74.04,10.03,1807.12,15.72,0
motor_04,36,72.92,9.91,1797.33,15.31,0
motor_04,37,72.84,11.57,1793.83,15.57,0
motor_04,38,73.25,10.6,1810.93,15.62,0
motor_04,39,73.18,9.95,1795.89,15.37,0
motor_04,40,72.56,10.34,1809.75,15.36,0
motor_04,41,77.1,10.52,1796.54,15.37,0
motor_04,42,74.82,10.95,1802.26,15.54,0
motor_04,43,73.0,10.14,1797.37,15.22,0
motor_04,44,75.94,10.25,1799.43,15.33,0
motor_04,45,75.03,11.35,1791.11,15.51,0
motor_04,46,73.09,10.78,1805.94,15.56,0
motor_04,47,76.45,9.77,1801.44,15.71,0
motor_04,48,74.72,11.15,1798.67,15.58,0
motor_04,49,74.85,11.66,1806.48,15.56,0
motor_04,50,75.87,10.38,1800.75,15.72,0
motor_04,51,74.21,10.66,1800.28,15.76,0
motor_04,52,75.62,9.18,1802.44,16.02,0
motor_04,53,75.78,9.45,1791.88,15.45,0
motor_04,54,77.19,10.09,1791.92,15.61,0
motor_04,55,75.82,9.69,1799.56,15.6,0
motor_04,56,76.08,10.33,1791.44,15.87,0
motor_04,57,75.25,9.25,1793.71,15.45,0
motor_04,58,77.91,10.47,1789.77,15.77,0
motor_04,59,77.43,10.8,1794.31,15.7,0
motor_04,60,76.16,9.84,1797.54,15.89,0
motor_04,61,79.58,9.37,1801.19,15.82,0
motor_04,62,77.18,10.48,1801.64,15.97,0
motor_04,63,78.65,10.92,1798.4,15.88,0
motor_04,64,78.19,9.92,1801.96,15.92,0
motor_04,65,75.84,10.76,1799.31,15.57,0
motor_04,66,74.58,10.52,1804.78,15.49,0
motor_04,67,81.63,10.75,1793.39,15.4,0
motor_04,68,79.59,11.29,1803.16,16.01,0
motor_04,69,76.67,10.83,1796.43,15.8,0
motor_04,70,78.74,11.67,1806.78,16.0,0
motor_04,71,77.22,9.89,1790.89,15.87,0
motor_04,72,78.05,10.97,1801.54,15.84,0
motor_04,73,76.77,10.92,1796.06,16.15,0
motor_04,74,75.63,10.27,1799.57,15.9,0
motor_04,75,76.26,10.83,1796.82,16.0,0
motor_04,76,79.32,12.1,1788.16,15.84,0
motor_04,77,80.54,11.25,1799.14,15.71,0
motor_04,78,77.85,10.83,1792.15,16.01,0
motor_04,79,77.55,11.61,1795.26,15.97,0
motor_04,80,79.75,9.46,1805.14,15.79,0
motor_04,81,77.89,12.49,1796.47,15.57,0
motor_04,82,77.78,10.96,1804.91,15.9,0
motor_04,83,79.94,11.71,1803.4,15.97,0
motor_04,84,78.59,10.62,1793.8,16.07,0
motor_04,85,79.71,10.5,1787.41,15.8,0
motor_04,86,81.25,11.68,1803.6,16.24,0
motor_04,87,79.89,10.88,1805.17,15.84,0
motor_04,88,80.04,11.01,1796.97,16.09,0
motor_04,89,80.31,13.4,1798.09,15.96,0
motor_04,90,82.21,11.52,1798.26,16.02,0
motor_04,91,80.54,11.93,1792.62,15.94,0
motor_04,92,81.15,12.92,1802.64,15.73,0
motor_04,93,82.11,13.0,1793.01,16.42,0
motor_04,94,77.68,12.85,1796.57,16.08,0
motor_04,95,81.81,11.78,1802.77,15.97,0
motor_04,96,81.29,11.7,1798.23,15.99,0
motor_04,97,80.94,12.63,1795.9,16.14,0
motor_04,98,79.19,11.53,1796.13,16.07,0
motor_04,99,82.28,10.91,1794.26,16.24,0
motor_04,100,83.58,12.65,1794.02,16.15,0
motor_04,101,82.05,12.23,1795.69,15.99,0
motor_04,102,81.28,12.38,1797.25,16.1,0
motor_04,103,82.1,13.24,1796.43,16.44,0
motor_04,104,82.88,11.22,1797.95,16.31,0
motor_04,105,80.97,11.55,1809.35,16.41,0
motor_04,106,85.04,12.8,1802.19,15.97,0
motor_04,107,82.99,12.16,1799.23,16.14,0
motor_04,108,82.84,11.27,1790.29,16.28,0
motor_04,109,82.19,12.52,1795.78,16.27,0
motor_04,110,81.01,12.8,1804.64,16.05,0
motor_04,111,81.89,13.37,1802.86,16.02,0
motor_04,112,81.36,12.38,1789.68,16.59,0
motor_04,113,82.34,13.45,1787.25,16.11,0
motor_04,114,85.61,13.21,1803.77,16.13,0
motor_04,115,82.67,14.33,1788.33,16.42,0
motor_04,116,84.01,12.55,1790.4,16.47,0
motor_04,117,83.41,13.26,1790.56,16.37,0
motor_04,118,82.98,13.15,1787.84,16.63,0
motor_04,119,83.67,13.15,1801.65,16.29,0
motor_04,120,84.74,13.23,1803.05,16.27,0
motor_04,121,83.08,13.53,1801.78,16.64,0
motor_04,122,82.04,13.29,1794.27,16.77,0
motor_04,123,85.32,13.46,1801.35,16.63,0
motor_04,124,83.49,13.66,1795.41,16.16,0
motor_04,125,84.22,14.46,1804.79,16.3,0
motor_04,126,86.02,12.69,1796.5,16.33,0
motor_04,127,85.43,13.56,1790.53,16.65,0
motor_04,128,88.01,12.88,1795.32,16.33,0
motor_04,129,84.44,14.23,1794.92,16.3,0
motor_04,130,85.18,11.9,1791.86,15.9,0
motor_04,131,87.27,12.84,1797.88,16.65,0
motor_04,132,84.02,13.29,1792.1,16.52,0
motor_04,133,85.61,14.57,1786.42,16.78,0
motor_04,134,85.05,12.87,1799.58,16.7,0
motor_04,135,84.49,13.73,1796.36,16.46,0
motor_04,136,85.7,13.81,1796.04,16.48,0
motor_04,137,82.56,14.58,1790.76,16.65,0
motor_04,138,85.96,14.27,1789.64,16.39,0
motor_04,139,86.43,14.21,1792.31,16.56,0
motor_04,140,86.71,15.41,1793.87,16.55,0
motor_04,141,84.28,15.12,1792.99,16.18,0
motor_04,142,83.54,15.11,1787.02,16.7,0
motor_04,143,87.99,14.2,1800.83,16.55,0
motor_04,144,88.2,14.19,1791.97,16.83,0
motor_04,145,87.0,14.12,1788.85,16.47,0
motor_04,146,86.15,15.41,1784.08,16.73,0
motor_04,147,87.22,15.42,1789.0,16.8,0
motor_04,148,86.36,14.56,1799.21,16.55,0
motor_04,149,86.76,14.83,1788.52,16.7,0
motor_04,150,83.66,15.39,1793.48,17.02,0
motor_04,151,87.95,14.11,1793.27,17.0,0
motor_04,152,85.29,14.28,1795.46,16.8,0
motor_04,153,85.88,15.61,1790.45,16.9,0
motor_04,154,86.68,15.9,1788.45,16.91,0
motor_04,155,88.84,15.27,1787.24,17.07,0
motor_04,156,89.11,14.9,1794.85,16.79,0
motor_04,157,88.84,14.44,1782.68,16.75,0
motor_04,158,90.67,14.21,1786.11,16.71,0
motor_04,159,89.73,14.54,1792.59,16.69,0
motor_04,160,87.63,14.36,1793.86,16.21,0
motor_04,161,90.73,15.74,1794.41,16.77,0
motor_04,162,90.39,14.36,1793.65,17.0,0
motor_04,163,88.75,15.62,1779.95,17.07,0
motor_04,164,88.14,16.47,1778.11,16.81,0
motor_04,165,91.49,15.75,1787.2,17.17,0
motor_04,166,89.73,15.67,1785.98,16.8,0
motor_04,167,90.07,17.42,1789.26,17.06,0
motor_04,168,89.59,16.06,1791.64,16.9,0
motor_04,169,90.81,17.36,1783.32,16.8,0
motor_04,170,87.94,17.34,1786.34,16.91,0
motor_04,171,90.39,15.9,1785.17,16.76,0
motor_04,172,88.42,15.05,1790.64,17.03,0
motor_04,173,89.25,16.98,1785.29,17.16,0
motor_04,174,88.11,14.04,1781.98,16.93,0
motor_04,175,86.45,17.2,1787.83,16.87,0
motor_04,176,88.81,16.6,1787.65,17.23,0
motor_04,177,89.71,16.7,1789.81,17.1,0
motor_04,178,90.22,16.48,1787.97,17.18,0
motor_04,179,88.99,16.66,1770.3,17.02,0
motor_04,180,91.04,16.49,1785.66,16.87,0
motor_04,181,87.54,17.97,1783.18,16.88,0
motor_04,182,93.07,15.75,1780.17,17.21,0
motor_04,183,94.55,17.13,1789.08,17.18,0
motor_04,184,89.6,17.48,1781.61,17.15,0
motor_04,185,93.72,17.48,1779.69,17.51,0
motor_04,186,90.35,16.58,1788.38,16.91,0
motor_04,187,89.98,18.1,1785.02,17.23,0
motor_04,188,90.97,17.9,1785.1,17.04,0
motor_04,189,90.7,18.72,1780.46,16.87,0
motor_04,190,91.86,18.32,1772.01,17.26,0
motor_04,191,92.63,17.5,1774.85,17.06,0
motor_04,192,94.85,20.01,1784.32,17.23,0
motor_04,193,93.58,17.7,1781.73,17.25,0
motor_04,194,92.34,18.34,1775.67,17.25,0
motor_04,195,92.09,19.71,1777.88,17.51,0
motor_04,196,94.21,18.72,1784.16,17.01,0
motor_04,197,94.07,18.4,1781.16,17.43,0
motor_04,198,92.87,18.76,1783.79,17.37,0
motor_04,199,93.66,18.42,1776.05,17.31,0
motor_04,200,91.81,18.55,1777.42,17.6,0
motor_04,201,91.49,17.51,1769.89,17.27,0
motor_04,202,93.72,19.24,1780.27,17.5,0
motor_04,203,97.46,19.53,1768.61,17.33,0
motor_04,204,94.52,18.02,1778.29,17.5,0
motor_04,205,90.64,18.63,1771.95,17.18,0
motor_04,206,94.89,19.09,1779.56,17.4,0
motor_04,207,94.77,19.49,1767.33,17.42,0
motor_04,208,93.05,19.34,1770.04,17.56,0
motor_04,209,94.56,19.76,1772.2,17.14,0
motor_04,210,95.46,19.61,1779.48,17.23,0
motor_04,211,95.87,20.06,1772.24,17.44,0
motor_04,212,92.29,17.81,1770.57,17.18,0
motor_04,213,94.48,19.49,1771.67,17.49,0
motor_04,214,97.08,20.89,1767.73,17.48,0
motor_04,215,94.87,19.81,1773.84,17.32,0
motor_04,216,96.75,19.76,1770.96,17.24,0
motor_04,217,97.09,20.46,1766.82,17.59,0
motor_04,218,95.24,20.18,1777.96,17.32,0
motor_04,219,95.84,19.77,1777.79,17.33,0
motor_04,220,94.8,19.97,1774.74,17.62,0
motor_04,221,95.14,20.31,1772.06,17.42,0
motor_04,222,92.07,20.36,1759.46,17.56,0
motor_04,223,97.09,21.83,1775.95,17.38,0
motor_04,224,94.91,21.23,1776.92,17.37,0
motor_04,225,95.65,21.61,1771.81,17.49,0
motor_04,226,96.69,21.04,1774.3,17.49,0
motor_04,227,98.07,20.12,1763.24,17.22,0
motor_04,228,94.9,21.72,1758.29,17.7,0
motor_04,229,95.0,21.04,1765.83,17.67,0
motor_04,230,96.64,20.84,1761.79,18.04,0
motor_04,231,95.59,20.94,1774.56,17.61,0
motor_04,232,95.75,20.82,1766.46,17.69,0
motor_04,233,96.2,21.74,1769.52,17.63,0
motor_04,234,97.53,21.03,1757.95,17.53,0
motor_04,235,97.86,22.55,1773.95,17.79,0
motor_04,236,96.61,20.14,1764.37,17.51,0
motor_04,237,97.0,21.86,1758.6,17.36,0
motor_04,238,96.8,22.39,1766.27,17.75,0
motor_04,239,98.85,22.21,1767.15,17.72,0
motor_04,240,97.38,23.34,1765.47,17.66,0
motor_04,241,98.94,22.07,1764.92,17.26,0
motor_04,242,94.86,24.06,1753.56,17.54,0
motor_04,243,98.72,23.93,1756.29,17.83,0
motor_04,244,100.21,23.05,1749.54,17.9,0
motor_04,245,99.44,22.21,1760.52,17.79,0
motor_04,246,99.36,24.22,1752.21,18.05,0
motor_04,247,99.63,21.79,1757.72,17.91,0
motor_04,248,97.85,24.37,1760.83,17.93,0
motor_04,249,96.87,23.07,1763.05,17.44,0
motor_04,250,98.45,22.01,1762.77,17.62,0
motor_04,251,100.35,23.9,1743.78,17.82,0
motor_04,252,96.12,22.52,1750.23,17.94,0
motor_04,253,102.32,24.04,1758.0,17.91,0
motor_04,254,100.17,23.46,1757.8,17.96,0
motor_04,255,101.77,25.73,1754.49,17.6,0
motor_04,256,96.42,22.88,1763.49,18.05,0
motor_04,257,101.18,24.36,1750.58,17.93,0
motor_04,258,100.03,23.74,1758.38,17.95,0
motor_04,259,99.01,25.0,1757.67,18.0,0
motor_04,260,103.04,23.52,1752.06,18.09,0
motor_04,261,98.93,25.07,1761.14,17.98,0
motor_04,262,100.33,25.14,1744.04,18.29,0
motor_04,263,98.62,25.07,1752.28,17.66,1
motor_05,1,68.58,10.7,1800.32,14.87,0
motor_05,2,68.3,8.82,1797.11,15.06,0
motor_05,3,70.63,9.73,1801.66,15.06,0
motor_05,4,68.66,11.29,1796.48,14.7,0
motor_05,5,71.63,8.8,1803.36,15.15,0
motor_05,6,67.22,10.38,1802.44,15.26,0
motor_05,7,71.54,11.08,1797.54,15.07,0
motor_05,8,71.9,9.64,1800.47,15.28,0
motor_05,9,74.05,10.93,1797.93,15.11,0
motor_05,10,73.68,9.17,1794.85,15.12,0
motor_05,11,72.16,11.19,1802.19,14.93,0
motor_05,12,73.33,8.42,1793.13,15.15,0
motor_05,13,72.95,9.81,1800.94,15.57,0
motor_05,14,70.33,8.39,1800.67,15.01,0
motor_05,15,75.84,9.08,1799.51,15.55,0
motor_05,16,70.55,10.54,1804.4,15.21,0
motor_05,17,72.17,10.47,1808.53,15.24,0
motor_05,18,72.88,9.69,1805.26,15.24,0
motor_05,19,71.12,10.19,1799.73,15.08,0
motor_05,20,72.14,10.22,1801.97,15.12,0
motor_05,21,71.59,9.74,1800.07,14.84,0
motor_05,22,73.96,10.38,1797.48,15.37,0
motor_05,23,73.82,11.17,1802.65,15.57,0
motor_05,24,70.52,9.86,1803.21,15.41,0
motor_05,25,74.47,10.04,1791.06,15.61,0
motor_05,26,72.99,10.02,1798.43,15.42,0
motor_05,27,74.58,9.09,1794.62,15.47,0
motor_05,28,74.14,9.57,1795.41,15.44,0
motor_05,29,74.95,10.55,1793.03,15.45,0
motor_05,30,73.97,10.96,1799.01,15.2,0
motor_05,31,75.51,10.6,1810.56,15.21,0
motor_05,32,74.39,10.74,1802.64,15.43,0
motor_05,33,75.14,9.42,1809.88,15.46,0
motor_05,34,74.81,10.24,1800.16,15.54,0
motor_05,35,73.1,10.76,1794.12,15.27,0
motor_05,36,74.73,12.47,1787.42,15.7,0
motor_05,37,74.49,10.12,1803.05,15.59,0
motor_05,38,76.0,11.84,1806.69,15.52,0
motor_05,39,72.28,11.11,1802.88,15.71,0
motor_05,40,75.8,9.57,1809.55,15.41,0
motor_05,41,74.51,10.71,1806.76,15.64,0
motor_05,42,76.29,10.64,1800.01,15.81,0
motor_05,43,76.96,10.97,1798.79,15.97,0
motor_05,44,78.21,11.12,1803.49,15.4,0
motor_05,45,76.36,9.35,1807.76,15.72,0
motor_05,46,78.34,10.56,1799.59,15.52,0
motor_05,47,77.28,10.64,1807.88,15.83,0
motor_05,48,75.9,11.02,1812.0,15.69,0
motor_05,49,75.17,10.61,1805.73,16.15,0
motor_05,50,79.41,10.94,1800.95,16.01,0
motor_05,51,77.39,11.12,1803.58,15.94,0
motor_05,52,77.58,11.29,1808.14,15.92,0
motor_05,53,76.62,10.94,1789.51,15.79,0
motor_05,54,80.48,9.87,1805.29,15.8,0
motor_05,55,75.6,11.49,1797.49,15.43,0
motor_05,56,77.8,10.03,1791.65,15.75,0
motor_05,57,80.77,10.86,1793.98,15.95,0
motor_05,58,77.52,10.19,1793.69,15.66,0
motor_05,59,79.22,10.1,1799.68,15.95,0
motor_05,60,77.48,11.2,1789.72,15.87,0
motor_05,61,78.85,11.12,1797.81,15.58,0
motor_05,62,79.93,12.2,1802.89,15.88,0
motor_05,63,79.12,11.1,1793.7,15.8,0
motor_05,64,78.73,13.82,1797.5,15.9,0
motor_05,65,79.33,11.6,1795.55,15.94,0
motor_05,66,79.54,12.13,1797.13,16.22,0
motor_05,67,81.11,12.09,1798.04,16.05,0
motor_05,68,78.69,12.2,1800.49,16.03,0
motor_05,69,79.24,11.26,1801.82,15.69,0
motor_05,70,77.73,11.28,1798.1,16.11,0
motor_05,71,77.05,12.23,1792.37,16.32,0
motor_05,72,79.88,11.6,1799.03,16.36,0
motor_05,73,81.13,13.79,1791.25,15.76,0
motor_05,74,80.73,12.68,1798.15,15.9,0
motor_05,75,79.03,13.05,1798.11,16.07,0
motor_05,76,78.13,12.97,1797.13,16.24,0
motor_05,77,81.41,12.36,1792.88,16.14,0
motor_05,78,81.62,13.03,1792.59,15.84,0
motor_05,79,81.31,11.56,1798.85,16.03,0
motor_05,80,81.05,12.9,1795.95,16.37,0
motor_05,81,81.19,12.13,1794.41,16.31,0
motor_05,82,80.8,12.55,1799.94,16.24,0
motor_05,83,82.6,11.75,1795.63,16.26,0
motor_05,84,83.27,14.08,1790.36,16.31,0
motor_05,85,81.71,12.64,1792.09,16.27,0
motor_05,86,82.32,12.6,1787.7,15.97,0
motor_05,87,83.8,12.86,1800.72,16.26,0
motor_05,88,84.54,14.58,1798.38,16.47,0
motor_05,89,83.08,13.71,1792.27,16.19,0
motor_05,90,84.64,12.43,1791.02,16.56,0
motor_05,91,80.79,11.99,1789.44,16.67,0
motor_05,92,81.13,12.89,1800.06,16.15,0
motor_05,93,79.68,12.3,1794.37,16.69,0
motor_05,94,82.25,11.95,1797.73,16.43,0
motor_05,95,83.38,12.06,1789.66,16.43,0
motor_05,96,84.52,12.86,1796.31,16.51,0
motor_05,97,83.05,13.01,1795.26,16.39,0
motor_05,98,82.71,14.25,1800.56,16.3,0
motor_05,99,86.18,14.23,1804.12,16.33,0
motor_05,100,85.84,13.79,1798.76,16.55,0
motor_05,101,85.55,12.86,1793.85,16.38,0
motor_05,102,85.6,13.71,1790.24,16.49,0
motor_05,103,83.72,12.64,1790.09,16.58,0
motor_05,104,86.85,15.31,1786.48,16.41,0
motor_05,105,87.46,13.68,1793.91,16.66,0
motor_05,106,85.68,13.07,1797.68,16.62,0
motor_05,107,85.6,13.05,1792.76,16.8,0
motor_05,108,82.84,13.53,1794.74,16.76,0
motor_05,109,84.81,13.15,1792.83,16.42,0
motor_05,110,84.38,14.25,1787.06,16.44,0
motor_05,111,84.49,13.68,1789.21,16.38,0
motor_05,112,83.08,16.16,1789.66,16.47,0
motor_05,113,89.64,15.67,1787.56,16.54,0
motor_05,114,85.43,14.25,1789.5,16.68,0
motor_05,115,87.07,14.2,1791.81,16.56,0
motor_05,116,87.83,14.9,1789.67,16.78,0
motor_05,117,86.12,13.79,1798.94,16.72,0
motor_05,118,89.45,14.17,1795.05,16.6,0
motor_05,119,85.25,15.81,1796.07,17.05,0
motor_05,120,88.49,16.23,1792.53,16.8,0
motor_05,121,87.34,16.01,1794.28,16.47,0
motor_05,122,89.18,16.96,1792.86,16.96,0
motor_05,123,86.82,16.4,1789.16,16.65,0
motor_05,124,89.12,16.55,1796.58,17.05,0
motor_05,125,87.96,15.86,1791.96,17.05,0
motor_05,126,87.71,15.37,1776.85,16.9,0
motor_05,127,87.9,15.01,1788.68,16.89,0
motor_05,128,87.81,16.18,1781.48,16.8,0
motor_05,129,86.79,14.45,1777.44,16.82,0
motor_05,130,89.75,15.64,1781.69,16.87,0
motor_05,131,88.55,16.52,1786.31,17.14,0
motor_05,132,90.47,16.68,1792.59,17.16,0
motor_05,133,91.6,16.77,1787.51,16.65,0
motor_05,134,90.35,15.26,1785.03,17.15,0
motor_05,135,93.35,16.41,1786.02,16.82,0
motor_05,136,89.25,16.5,1786.16,17.09,0
motor_05,137,90.27,17.03,1781.78,17.0,0
motor_05,138,92.27,16.24,1780.8,16.8,0
motor_05,139,89.18,16.17,1787.53,16.94,0
motor_05,140,89.46,15.35,1789.43,17.2,0
motor_05,141,92.97,17.49,1791.52,17.27,0
motor_05,142,90.06,17.58,1786.61,17.17,0
motor_05,143,90.34,19.96,1778.17,17.12,0
motor_05,144,94.06,16.86,1783.42,17.3,0
motor_05,145,90.29,18.36,1779.23,16.99,0
motor_05,146,91.36,17.21,1779.22,17.17,0
motor_05,147,91.57,17.96,1774.6,17.1,0
motor_05,148,91.73,19.52,1771.3,17.24,0
motor_05,149,90.58,17.58,1785.05,16.88,0
motor_05,150,91.74,18.09,1778.47,17.42,0
motor_05,151,94.14,17.8,1778.84,17.23,0
motor_05,152,91.47,19.8,1788.89,16.9,0
motor_05,153,91.16,16.67,1779.53,17.4,0
motor_05,154,93.96,18.26,1787.86,17.47,0
motor_05,155,94.65,18.33,1778.04,17.22,0
motor_05,156,88.21,18.28,1780.45,16.97,0
motor_05,157,92.19,17.53,1782.2,17.29,0
motor_05,158,93.23,19.21,1784.27,17.18,0
motor_05,159,95.5,20.09,1778.09,17.4,0
motor_05,160,92.3,19.29,1773.75,17.69,0
motor_05,161,93.07,19.47,1783.39,17.6,0
motor_05,162,94.98,18.71,1770.16,17.1,0
motor_05,163,96.78,19.46,1779.54,17.39,0
motor_05,164,93.8,20.3,1769.9,17.03,0
motor_05,165,93.57,18.15,1777.98,17.51,0
motor_05,166,94.56,20.04,1770.05,17.73,0
motor_05,167,92.97,19.47,1778.74,17.53,0
motor_05,168,95.56,20.07,1768.49,17.51,0
motor_05,169,92.82,19.89,1764.19,17.45,0
motor_05,170,96.41,20.12,1776.06,17.39,0
motor_05,171,94.68,20.88,1764.34,17.55,0
motor_05,172,94.14,20.97,1771.64,17.66,0
motor_05,173,93.12,21.39,1763.49,17.6,0
motor_05,174,98.77,20.91,1772.53,18.12,0
motor_05,175,93.78,21.95,1775.23,17.68,0
motor_05,176,95.87,21.01,1780.74,17.52,0
motor_05,177,95.51,20.5,1762.49,17.65,0
motor_05,178,96.16,21.41,1766.76,17.52,0
motor_05,179,97.83,20.17,1774.27,17.91,0
motor_05,180,96.1,21.96,1756.03,17.51,0
motor_05,181,94.88,21.75,1763.81,17.76,0
motor_05,182,100.17,22.63,1765.71,17.62,0
motor_05,183,96.21,23.2,1767.97,17.42,0
motor_05,184,96.64,22.2,1749.93,17.51,0
motor_05,185,98.91,22.6,1766.07,17.73,0
motor_05,186,96.26,21.86,1759.4,17.7,0
motor_05,187,97.34,22.88,1756.98,17.54,0
motor_05,188,94.37,22.34,1763.62,17.71,0
motor_05,189,96.15,21.64,1752.96,17.73,0
motor_05,190,99.33,22.56,1763.96,17.92,0
motor_05,191,98.77,24.11,1760.84,17.77,0
motor_05,192,98.26,23.05,1762.09,17.86,0
motor_05,193,97.91,23.33,1752.93,17.96,0
motor_05,194,98.82,23.78,1758.44,17.84,0
motor_05,195,98.44,24.15,1755.4,17.71,0
motor_05,196,99.14,24.37,1763.76,17.75,0
motor_05,197,95.05,23.42,1753.75,17.92,0
motor_05,198,99.83,23.83,1757.88,17.85,0
motor_05,199,97.76,24.06,1755.5,17.73,0
motor_05,200,98.56,24.67,1754.87,18.35,0
motor_05,201,98.01,25.48,1752.46,17.57,0
motor_05,202,97.22,25.66,1745.1,18.52,0
motor_05,203,102.34,24.45,1753.34,17.92,0
motor_05,204,97.37,24.26,1748.64,18.23,0
motor_05,205,100.34,25.66,1748.95,18.14,1
motor_06,1,70.81,10.27,1797.27,15.22,0
motor_06,2,70.65,9.02,1810.78,15.13,0
motor_06,3,68.96,9.12,1804.34,14.68,0
motor_06,4,68.33,10.27,1797.12,15.01,0
motor_06,5,69.08,10.69,1796.08,14.98,0
motor_06,6,70.2,10.31,1793.74,14.94,0
motor_06,7,72.03,10.47,1802.15,14.79,0
motor_06,8,68.75,10.33,1805.48,15.23,0
motor_06,9,70.4,9.33,1799.62,15.37,0
motor_06,10,70.12,10.52,1798.29,15.13,0
motor_06,11,71.66,10.91,1790.92,15.0,0
motor_06,12,68.32,9.14,1806.6,15.07,0
motor_06,13,69.75,10.57,1800.23,15.13,0
motor_06,14,70.76,11.55,1796.23,15.69,0
motor_06,15,70.28,9.07,1787.76,14.93,0
motor_06,16,72.47,9.38,1810.02,15.22,0
motor_06,17,72.04,9.41,1794.96,15.01,0
motor_06,18,71.92,11.7,1808.25,15.12,0
motor_06,19,73.98,11.75,1807.91,15.04,0
motor_06,20,73.56,9.27,1810.03,15.28,0
motor_06,21,69.86,8.22,1804.0,15.35,0
motor_06,22,71.9,9.67,1812.37,15.21,0
motor_06,23,71.83,10.07,1803.11,15.5,0
motor_06,24,77.19,10.63,1801.25,15.46,0
motor_06,25,74.23,9.2,1806.55,15.39,0
motor_06,26,71.17,8.8,1799.02,15.26,0
motor_06,27,74.72,10.28,1802.38,15.41,0
motor_06,28,74.55,8.98,1808.14,15.56,0
motor_06,29,75.41,10.56,1806.53,15.42,0
motor_06,30,72.41,9.91,1801.6,15.69,0
motor_06,31,74.0,9.75,1799.58,15.48,0
motor_06,32,75.08,9.73,1802.63,15.18,0
motor_06,33,74.18,10.82,1797.78,15.34,0
motor_06,34,73.67,9.19,1806.32,15.58,0
motor_06,35,75.38,9.77,1809.66,15.42,0
motor_06,36,73.13,9.94,1806.86,15.71,0
motor_06,37,73.9,11.21,1800.8,15.89,0
motor_06,38,74.24,10.11,1803.76,15.73,0
motor_06,39,76.86,10.19,1799.21,15.5,0
motor_06,40,75.13,11.16,1806.86,15.66,0
motor_06,41,77.22,11.05,1796.75,15.67,0
motor_06,42,78.23,9.59,1798.62,15.4,0
motor_06,43,74.4,9.12,1804.79,15.65,0
motor_06,44,75.66,9.82,1798.55,15.58,0
motor_06,45,75.32,11.31,1794.82,15.55,0
motor_06,46,76.07,10.86,1800.62,15.89,0
motor_06,47,76.23,11.44,1800.28,15.84,0
motor_06,48,74.99,10.43,1801.15,15.8,0
motor_06,49,81.88,10.63,1804.34,15.46,0
motor_06,50,75.12,10.48,1799.33,15.44,0
motor_06,51,74.79,10.75,1792.69,15.36,0
motor_06,52,78.58,11.52,1795.09,15.51,0
motor_06,53,77.77,9.41,1796.63,15.9,0
motor_06,54,75.97,9.59,1801.52,15.71,0
motor_06,55,76.35,11.43,1799.96,15.73,0
motor_06,56,75.92,8.28,1794.6,15.7,0
motor_06,57,77.87,9.71,1801.82,15.43,0
motor_06,58,76.04,12.62,1803.72,15.87,0
motor_06,59,76.65,12.16,1792.39,15.45,0
motor_06,60,77.36,12.02,1797.03,15.65,0
motor_06,61,77.34,10.94,1791.3,16.04,0
motor_06,62,80.0,11.74,1786.66,15.94,0
motor_06,63,76.26,10.1,1798.24,15.64,0
motor_06,64,76.3,11.93,1797.82,15.83,0
motor_06,65,83.15,10.56,1806.21,15.74,0
motor_06,66,78.28,11.22,1794.1,15.34,0
motor_06,67,80.25,10.49,1799.41,15.77,0
motor_06,68,79.82,10.82,1802.85,15.71,0
motor_06,69,80.94,11.31,1790.56,15.93,0
motor_06,70,79.81,10.88,1795.19,15.63,0
motor_06,71,80.37,11.01,1794.71,15.47,0
motor_06,72,80.54,11.91,1798.14,16.05,0
motor_06,73,77.99,11.96,1802.89,15.95,0
motor_06,74,80.86,12.27,1795.8,16.03,0
motor_06,75,82.21,11.64,1801.17,15.88,0
motor_06,76,78.2,11.03,1797.67,15.67,0
motor_06,77,80.97,10.51,1796.32,15.92,0
motor_06,78,78.2,12.51,1803.53,16.11,0
motor_06,79,80.49,12.36,1793.46,16.1,0
motor_06,80,80.5,12.15,1805.07,16.15,0
motor_06,81,80.84,12.49,1797.26,16.43,0
motor_06,82,79.36,14.12,1793.57,16.42,0
motor_06,83,81.71,10.81,1799.77,15.71,0
motor_06,84,80.85,11.36,1799.3,16.15,0
motor_06,85,81.31,11.08,1797.66,16.06,0
motor_06,86,83.1,12.08,1802.36,16.45,0
motor_06,87,80.28,11.58,1792.29,16.08,0
motor_06,88,80.57,12.09,1799.6,16.08,0
motor_06,89,83.51,13.02,1799.57,16.1,0
motor_06,90,82.24,12.06,1794.08,16.26,0
motor_06,91,81.34,10.74,1791.1,16.55,0
motor_06,92,81.37,12.76,1801.51,16.34,0
motor_06,93,83.1,12.88,1795.37,16.29,0
motor_06,94,80.32,11.34,1801.46,16.04,0
motor_06,95,82.72,12.96,1796.86,16.09,0
motor_06,96,84.16,12.91,1802.09,16.38,0
motor_06,97,85.51,13.09,1790.06,16.16,0
motor_06,98,84.91,14.48,1800.47,16.41,0
motor_06,99,84.65,12.67,1800.83,16.12,0
motor_06,100,82.13,12.69,1800.55,16.4,0
motor_06,101,83.53,13.36,1797.26,16.23,0
motor_06,102,84.61,11.9,1793.68,16.56,0
motor_06,103,87.16,12.38,1795.13,16.4,0
motor_06,104,82.49,13.55,1794.21,16.1,0
motor_06,105,85.87,11.72,1796.08,16.34,0
motor_06,106,84.31,13.4,1797.15,16.51,0
motor_06,107,82.87,12.49,1795.54,16.56,0
motor_06,108,85.12,13.17,1799.67,16.49,0
motor_06,109,86.38,13.52,1786.27,16.51,0
motor_06,110,86.62,14.49,1795.67,16.75,0
motor_06,111,84.31,13.27,1790.59,16.66,0
motor_06,112,86.25,13.7,1796.45,16.58,0
motor_06,113,85.63,13.38,1794.21,16.5,0
motor_06,114,84.17,13.55,1792.55,16.3,0
motor_06,115,83.06,14.02,1785.05,16.64,0
motor_06,116,87.32,13.42,1799.03,16.66,0
motor_06,117,86.53,15.07,1788.25,16.55,0
motor_06,118,81.79,14.05,1793.82,16.38,0
motor_06,119,84.07,12.58,1787.9,16.52,0
motor_06,120,87.71,13.57,1792.04,16.48,0
motor_06,121,87.01,15.26,1792.02,16.38,0
motor_06,122,83.03,14.47,1794.8,16.68,0
motor_06,123,84.96,14.9,1794.98,16.74,0
motor_06,124,83.96,14.78,1794.07,16.87,0
motor_06,125,87.45,13.53,1784.94,16.54,0
motor_06,126,86.35,15.23,1795.58,16.86,0
motor_06,127,86.8,15.51,1795.33,16.68,0
motor_06,128,87.03,16.61,1786.5,16.9,0
motor_06,129,85.88,15.53,1789.75,16.83,0
motor_06,130,88.55,14.59,1794.25,16.88,0
motor_06,131,86.0,14.59,1789.49,16.87,0
motor_06,132,87.41,15.7,1797.31,16.62,0
motor_06,133,88.0,14.82,1789.36,16.79,0
motor_06,134,87.49,14.24,1797.53,16.49,0
motor_06,135,88.19,14.32,1793.7,16.92,0
motor_06,136,87.23,15.99,1789.35,17.18,0
motor_06,137,92.05,16.57,1792.93,16.66,0
motor_06,138,88.53,16.03,1789.25,17.09,0
motor_06,139,91.12,16.46,1777.51,16.63,0
motor_06,140,89.84,16.61,1789.4,16.91,0
motor_06,141,86.17,16.93,1798.66,16.89,0
motor_06,142,87.43,16.08,1786.53,16.65,0
motor_06,143,88.5,15.74,1787.21,16.69,0
motor_06,144,88.45,16.29,1787.35,16.86,0
motor_06,145,91.12,17.14,1781.51,17.15,0
motor_06,146,86.04,16.22,1798.05,16.94,0
motor_06,147,88.05,17.93,1781.6,17.0,0
motor_06,148,89.75,17.86,1790.16,17.12,0
motor_06,149,90.07,17.12,1784.74,17.29,0
motor_06,150,88.57,18.42,1791.46,17.08,0
motor_06,151,87.93,17.26,1786.0,17.15,0
motor_06,152,88.13,15.55,1779.07,17.05,0
motor_06,153,91.41,16.92,1782.21,17.17,0
motor_06,154,90.32,16.91,1784.19,16.95,0
motor_06,155,88.63,16.36,1772.77,16.93,0
motor_06,156,88.14,16.66,1783.89,17.26,0
motor_06,157,89.53,17.22,1777.35,17.22,0
motor_06,158,88.69,17.42,1786.6,17.16,0
motor_06,159,90.97,16.48,1783.7,17.13,0
motor_06,160,92.01,17.77,1787.91,17.07,0
motor_06,161,88.57,17.69,1785.44,16.86,0
motor_06,162,92.52,17.05,1771.7,17.34,0
motor_06,163,93.36,17.41,1781.29,17.32,0
motor_06,164,90.83,18.62,1778.47,17.24,0
motor_06,165,95.63,18.27,1787.49,17.49,0
motor_06,166,93.6,19.45,1781.7,17.22,0
motor_06,167,92.48,18.95,1784.92,17.33,0
motor_06,168,93.07,18.69,1774.72,17.58,0
motor_06,169,91.15,19.94,1781.32,17.73,0
motor_06,170,93.42,18.43,1772.57,17.1,0
motor_06,171,91.19,18.01,1780.71,17.28,0
motor_06,172,92.86,18.19,1779.38,17.48,0
motor_06,173,93.32,19.26,1788.77,17.55,0
motor_06,174,94.42,19.16,1781.12,17.03,0
motor_06,175,93.21,20.08,1770.58,17.81,0
motor_06,176,91.91,19.46,1768.08,17.23,0
motor_06,177,94.94,20.14,1770.06,17.37,0
motor_06,178,95.73,19.55,1774.74,17.83,0
motor_06,179,93.24,20.68,1777.07,17.28,0
motor_06,180,90.82,20.63,1783.82,17.44,0
motor_06,181,94.76,20.4,1771.25,17.31,0
motor_06,182,94.93,19.72,1779.8,17.46,0
motor_06,183,93.62,20.43,1769.5,17.79,0
motor_06,184,96.37,19.56,1770.77,17.62,0
motor_06,185,96.02,19.66,1774.6,17.32,0
motor_06,186,95.07,21.17,1778.36,17.58,0
motor_06,187,97.07,20.27,1779.47,17.44,0
motor_06,188,92.8,20.53,1767.39,17.46,0
motor_06,189,94.78,21.47,1772.78,17.94,0
motor_06,190,96.24,20.74,1769.6,17.57,0
motor_06,191,93.73,19.84,1761.73,17.66,0
motor_06,192,95.64,19.47,1765.95,17.62,0
motor_06,193,94.74,21.69,1771.85,17.89,0
motor_06,194,98.44,20.07,1773.64,17.76,0
motor_06,195,97.35,21.62,1767.84,17.22,0
motor_06,196,97.57,22.34,1762.27,17.8,0
motor_06,197,100.07,22.34,1760.42,17.92,0
motor_06,198,96.64,20.2,1757.98,17.76,0
motor_06,199,98.5,21.72,1758.89,17.7,0
motor_06,200,98.87,23.38,1763.3,17.77,0
motor_06,201,101.08,21.2,1755.05,17.5,0
motor_06,202,94.99,22.86,1760.26,17.75,0
motor_06,203,97.87,23.32,1768.72,17.82,0
motor_06,204,98.87,23.23,1766.07,18.02,0
motor_06,205,96.43,21.94,1769.51,17.79,0
motor_06,206,99.27,22.11,1764.87,17.76,0
motor_06,207,95.77,24.13,1762.56,17.93,0
motor_06,208,99.01,23.49,1772.0,18.1,0
motor_06,209,98.96,22.27,1757.06,18.14,0
motor_06,210,96.8,23.69,1757.8,17.99,0
motor_06,211,97.7,23.82,1756.01,17.66,0
motor_06,212,99.82,23.15,1763.31,17.9,0
motor_06,213,99.86,23.0,1760.02,17.91,0
motor_06,214,99.23,23.91,1752.66,18.08,0
motor_06,215,101.0,23.89,1757.17,18.01,0
motor_06,216,101.96,24.55,1747.93,18.42,0
motor_06,217,99.41,24.11,1753.77,17.96,0
motor_06,218,97.5,24.62,1743.89,18.0,0
motor_06,219,97.59,24.81,1755.38,18.03,0
motor_06,220,101.18,25.2,1740.11,17.91,0
motor_06,221,99.35,24.93,1761.55,17.93,0
motor_06,222,101.74,25.41,1740.31,18.1,0
motor_06,223,101.08,24.87,1749.29,18.28,1
motor_07,1,68.4,8.57,1802.28,15.04,0
motor_07,2,73.09,10.94,1797.1,15.06,0
motor_07,3,68.3,9.34,1807.71,15.25,0
motor_07,4,71.92,8.5,1807.94,15.11,0
motor_07,5,71.82,8.93,1803.2,15.0,0
motor_07,6,71.27,10.28,1798.71,15.36,0
motor_07,7,73.46,9.32,1797.7,15.37,0
motor_07,8,71.1,10.12,1806.8,15.37,0
motor_07,9,70.34,9.21,1791.97,15.2,0
motor_07,10,72.39,9.2,1794.24,15.02,0
motor_07,11,71.07,11.92,1793.99,15.36,0
motor_07,12,73.12,9.73,1801.1,15.06,0
motor_07,13,73.85,9.89,1799.68,15.12,0
motor_07,14,71.18,9.8,1801.4,14.81,0
motor_07,15,74.83,10.15,1799.34,15.52,0
motor_07,16,71.2,9.62,1797.4,15.35,0
motor_07,17,70.87,9.86,1802.31,15.0,0
motor_07,18,70.4,10.31,1802.31,15.25,0
motor_07,19,73.03,10.46,1800.5,15.21,0
motor_07,20,72.4,9.58,1799.55,15.39,0
motor_07,21,75.29,10.61,1804.26,15.46,0
motor_07,22,74.98,10.83,1799.19,15.43,0
motor_07,23,73.96,9.45,1797.96,15.34,0
motor_07,24,73.8,10.09,1791.59,15.54,0
motor_07,25,74.08,10.49,1803.02,15.43,0
motor_07,26,72.65,9.42,1801.26,15.63,0
motor_07,27,74.97,10.23,1800.89,15.49,0
motor_07,28,73.31,9.41,1797.92,15.4,0
motor_07,29,72.34,8.73,1792.33,15.8,0
motor_07,30,76.09,10.09,1809.82,15.73,0
motor_07,31,71.59,11.75,1790.74,15.28,0
motor_07,32,73.8,11.35,1799.96,15.74,0
motor_07,33,75.82,10.92,1794.64,15.33,0
motor_07,34,74.11,10.84,1788.84,15.45,0
motor_07,35,75.62,9.78,1801.03,15.6,0
motor_07,36,74.82,10.42,1794.94,15.59,0
motor_07,37,76.4,9.93,1803.0,15.46,0
motor_07,38,75.56,10.92,1797.84,15.7,0
motor_07,39,76.95,11.79,1803.45,15.38,0
motor_07,40,72.45,9.65,1795.15,15.8,0
motor_07,41,75.21,11.28,1800.25,15.67,0
motor_07,42,77.09,10.56,1808.22,15.37,0
motor_07,43,76.77,10.2,1790.87,15.75,0
motor_07,44,79.21,10.97,1793.35,15.43,0
motor_07,45,75.8,11.47,1798.82,15.73,0
motor_07,46,79.28,11.57,1794.47,15.74,0
motor_07,47,76.97,9.53,1798.97,15.82,0
motor_07,48,79.93,10.93,1794.08,15.65,0
motor_07,49,76.64,9.72,1794.98,15.95,0
motor_07,50,73.88,11.69,1797.79,16.1,0
motor_07,51,80.2,11.25,1806.28,16.07,0
motor_07,52,78.4,9.32,1807.17,16.16,0
motor_07,53,76.16,11.36,1799.41,15.88,0
motor_07,54,81.49,10.28,1791.44,15.89,0
motor_07,55,81.91,11.62,1788.3,15.9,0
motor_07,56,78.68,10.26,1794.93,15.99,0
motor_07,57,76.88,12.11,1794.33,15.72,0
motor_07,58,78.73,11.13,1799.62,16.26,0
motor_07,59,76.15,12.08,1802.62,15.7,0
motor_07,60,80.08,10.77,1789.95,15.89,0
motor_07,61,80.19,13.04,1789.36,16.07,0
motor_07,62,77.75,12.62,1791.81,15.95,0
motor_07,63,78.04,11.8,1797.47,16.03,0
motor_07,64,81.21,11.28,1796.88,16.03,0
motor_07,65,79.42,13.21,1788.52,16.05,0
motor_07,66,79.9,11.45,1803.48,16.2,0
motor_07,67,81.09,11.16,1790.23,16.0,0
motor_07,68,81.23,11.95,1799.52,15.87,0
motor_07,69,81.43,12.12,1797.22,16.0,0
motor_07,70,77.69,11.14,1791.94,16.02,0
motor_07,71,82.41,12.45,1806.01,16.01,0
motor_07,72,80.37,12.43,1799.94,16.44,0
motor_07,73,81.16,11.97,1803.92,16.28,0
motor_07,74,79.06,12.87,1796.97,16.56,0
motor_07,75,81.41,12.72,1805.45,16.31,0
motor_07,76,80.27,13.93,1789.98,16.08,0
motor_07,77,81.0,11.36,1790.81,15.99,0
motor_07,78,80.7,11.59,1797.42,16.04,0
motor_07,79,83.79,12.4,1792.97,16.24,0
motor_07,80,83.57,13.18,1795.82,16.28,0
motor_07,81,82.24,12.36,1798.94,16.36,0
motor_07,82,85.35,11.86,1793.75,16.44,0
motor_07,83,81.57,13.19,1797.85,16.17,0
motor_07,84,81.63,13.33,1787.81,16.09,0
motor_07,85,82.86,13.27,1794.14,16.45,0
motor_07,86,82.25,12.53,1807.84,16.44,0
motor_07,87,82.64,14.04,1800.7,16.27,0
motor_07,88,85.34,12.55,1793.6,16.26,0
motor_07,89,85.4,13.76,1789.7,16.59,0
motor_07,90,82.24,13.46,1791.09,16.47,0
motor_07,91,85.05,13.46,1792.83,16.72,0
motor_07,92,85.89,13.74,1799.4,16.14,0
motor_07,93,82.26,13.33,1798.74,16.32,0
motor_07,94,83.15,13.5,1791.52,16.31,0
motor_07,95,86.25,13.49,1792.09,16.51,0
motor_07,96,85.66,13.03,1793.73,16.45,0
motor_07,97,86.16,13.25,1794.1,16.34,0
motor_07,98,84.29,13.33,1797.42,16.59,0
motor_07,99,85.12,13.74,1801.35,16.52,0
motor_07,100,85.38,14.72,1801.73,16.52,0
motor_07,101,87.96,14.13,1797.74,16.55,0
motor_07,102,84.51,13.47,1791.77,16.72,0
motor_07,103,87.16,15.3,1793.84,16.12,0
motor_07,104,85.93,14.12,1794.25,15.96,0
motor_07,105,84.55,14.67,1791.1,16.6,0
motor_07,106,84.63,14.33,1798.54,16.93,0
motor_07,107,88.01,16.28,1785.96,16.41,0
motor_07,108,88.81,16.41,1792.93,16.48,0
motor_07,109,86.85,13.82,1785.46,16.78,0
motor_07,110,89.12,14.93,1795.74,16.55,0
motor_07,111,86.0,14.55,1793.47,16.8,0
motor_07,112,87.03,15.17,1781.56,16.83,0
motor_07,113,85.11,14.03,1787.14,17.08,0
motor_07,114,89.44,15.24,1782.73,16.74,0
motor_07,115,91.14,15.76,1789.5,16.64,0
motor_07,116,88.25,13.66,1785.4,16.85,0
motor_07,117,88.08,15.54,1792.14,16.77,0
motor_07,118,90.9,15.8,1785.98,16.89,0
motor_07,119,86.93,15.84,1780.47,17.01,0
motor_07,120,91.0,14.68,1790.17,16.83,0
motor_07,121,88.98,15.59,1794.8,17.0,0
motor_07,122,88.93,14.61,1791.16,16.53,0
motor_07,123,89.86,15.28,1787.06,16.74,0
motor_07,124,90.85,16.12,1790.34,16.96,0
motor_07,125,88.61,14.28,1778.99,16.63,0
motor_07,126,88.96,18.16,1780.63,17.02,0
motor_07,127,90.7,16.66,1785.64,16.97,0
motor_07,128,87.89,16.39,1784.84,16.89,0
motor_07,129,89.8,16.32,1788.9,17.13,0
motor_07,130,90.3,16.07,1785.68,16.69,0
motor_07,131,89.27,16.11,1784.35,17.03,0
motor_07,132,88.46,18.25,1786.73,17.28,0
motor_07,133,91.52,18.31,1782.97,17.14,0
motor_07,134,92.5,16.78,1790.81,17.21,0
motor_07,135,90.5,18.16,1779.95,16.97,0
motor_07,136,92.16,17.19,1789.42,16.98,0
motor_07,137,95.28,17.27,1775.12,17.22,0
motor_07,138,90.09,18.07,1776.61,16.8,0
motor_07,139,89.89,17.42,1776.55,17.47,0
motor_07,140,94.66,17.86,1778.97,17.24,0
motor_07,141,89.92,18.55,1776.1,17.19,0
motor_07,142,93.06,17.29,1770.57,16.95,0
motor_07,143,92.72,17.76,1774.34,16.95,0
motor_07,144,94.9,18.63,1782.14,17.36,0
motor_07,145,88.95,17.23,1781.94,17.27,0
motor_07,146,95.13,18.96,1773.4,17.37,0
motor_07,147,93.29,18.37,1780.33,17.05,0
motor_07,148,95.65,19.24,1778.04,17.46,0
motor_07,149,93.09,18.78,1782.26,17.54,0
motor_07,150,94.43,17.96,1776.91,17.18,0
motor_07,151,93.49,19.45,1772.2,17.21,0
motor_07,152,94.45,20.25,1769.59,17.37,0
motor_07,153,91.47,18.25,1762.2,17.31,0
motor_07,154,93.56,19.22,1770.79,17.45,0
motor_07,155,91.39,21.17,1779.29,17.32,0
motor_07,156,94.62,20.31,1779.81,17.38,0
motor_07,157,96.77,19.17,1781.23,17.41,0
motor_07,158,96.38,20.95,1776.08,17.21,0
motor_07,159,96.16,20.94,1774.32,17.58,0
motor_07,160,94.06,20.48,1766.4,17.94,0
motor_07,161,95.46,20.33,1772.81,17.39,0
motor_07,162,97.26,19.9,1774.91,17.74,0
motor_07,163,97.39,20.76,1767.91,17.52,0
motor_07,164,95.11,21.8,1777.57,17.68,0
motor_07,165,96.46,20.52,1760.73,17.59,0
motor_07,166,96.8,22.26,1778.39,18.25,0
motor_07,167,95.67,21.56,1764.71,17.46,0
motor_07,168,93.86,19.82,1767.4,17.89,0
motor_07,169,97.4,20.91,1764.39,17.59,0
motor_07,170,98.41,22.74,1756.65,17.92,0
motor_07,171,96.14,22.44,1771.11,17.77,0
motor_07,172,96.89,22.69,1767.75,17.56,0
motor_07,173,95.5,22.01,1758.69,17.8,0
motor_07,174,99.0,21.74,1769.83,17.5,0
motor_07,175,97.32,21.57,1768.29,17.93,0
motor_07,176,96.05,22.76,1764.22,18.06,0
motor_07,177,100.73,23.31,1760.26,18.12,0
motor_07,178,94.85,23.03,1766.77,17.8,0
motor_07,179,98.8,23.82,1766.34,17.92,0
motor_07,180,97.94,22.25,1761.39,17.8,0
motor_07,181,98.1,22.91,1760.0,17.67,0
motor_07,182,98.1,24.43,1757.7,17.6,0
motor_07,183,99.36,24.39,1751.72,17.67,0
motor_07,184,96.76,24.11,1765.27,17.97,0
motor_07,185,97.89,24.46,1755.06,17.81,0
motor_07,186,98.64,25.87,1754.55,17.41,0
motor_07,187,97.5,24.63,1742.82,17.86,0
motor_07,188,101.6,24.35,1740.7,17.67,0
motor_07,189,99.52,25.09,1752.48,18.26,0
motor_07,190,99.51,23.88,1753.17,18.21,0
motor_07,191,100.07,24.3,1741.17,18.16,0
motor_07,192,101.77,24.85,1744.64,18.14,1
motor_08,1,72.11,10.08,1798.75,14.76,0
motor_08,2,69.52,10.14,1802.64,15.16,0
motor_08,3,69.74,10.69,1801.9,15.32,0
motor_08,4,70.25,8.88,1797.2,15.24,0
motor_08,5,69.45,11.02,1794.97,14.9,0
motor_08,6,70.14,10.77,1795.68,15.07,0
motor_08,7,71.6,10.47,1806.41,15.05,0
motor_08,8,69.41,9.85,1801.85,15.14,0
motor_08,9,72.62,8.94,1804.36,14.97,0
motor_08,10,68.5,11.45,1804.46,15.23,0
motor_08,11,72.2,10.57,1802.03,15.2,0
motor_08,12,73.52,9.15,1799.88,15.26,0
motor_08,13,68.4,10.87,1802.59,14.86,0
motor_08,14,71.65,10.59,1807.65,15.3,0
motor_08,15,71.4,10.09,1798.26,15.32,0
motor_08,16,71.98,11.95,1799.7,15.25,0
motor_08,17,72.59,10.08,1805.1,15.62,0
motor_08,18,71.36,9.19,1792.87,15.09,0
motor_08,19,71.38,9.25,1801.33,15.07,0
motor_08,20,73.2,9.92,1799.99,15.26,0
motor_08,21,71.84,10.11,1799.39,15.52,0
motor_08,22,71.53,10.1,1799.93,15.47,0
motor_08,23,73.31,10.29,1801.32,15.11,0
motor_08,24,75.2,10.84,1805.09,15.16,0
motor_08,25,71.89,10.82,1795.52,15.44,0
motor_08,26,74.7,11.45,1799.9,15.44,0
motor_08,27,71.83,10.08,1800.18,15.29,0
motor_08,28,73.28,11.15,1798.34,15.68,0
motor_08,29,74.64,10.61,1799.12,15.29,0
motor_08,30,72.92,10.25,1799.35,15.53,0
motor_08,31,72.06,10.35,1799.48,15.56,0
motor_08,32,75.46,10.78,1802.85,15.68,0
motor_08,33,73.85,10.26,1801.36,15.2,0
motor_08,34,71.96,8.71,1796.01,15.32,0
motor_08,35,75.36,8.58,1805.0,15.59,0
motor_08,36,73.76,10.5,1796.47,14.95,0
motor_08,37,74.88,11.16,1800.68,15.33,0
motor_08,38,72.54,9.97,1804.45,15.39,0
motor_08,39,73.37,9.81,1804.78,15.71,0
motor_08,40,73.56,10.63,1792.41,15.03,0
motor_08,41,75.05,10.55,1797.09,15.58,0
motor_08,42,76.19,9.54,1802.75,15.31,0
motor_08,43,76.05,10.16,1798.38,15.86,0
motor_08,44,74.59,9.78,1792.77,15.55,0
motor_08,45,73.91,10.95,1804.36,15.43,0
motor_08,46,75.27,10.72,1790.28,15.47,0
motor_08,47,76.43,11.32,1805.42,15.59,0
motor_08,48,73.59,8.85,1803.6,15.53,0
motor_08,49,73.42,10.42,1805.75,15.8,0
motor_08,50,73.99,10.44,1795.0,15.93,0
motor_08,51,76.92,10.73,1796.08,15.3,0
motor_08,52,75.84,11.91,1798.62,15.72,0
motor_08,53,74.41,10.95,1802.21,15.48,0
motor_08,54,77.82,11.48,1798.09,15.59,0
motor_08,55,77.51,11.1,1784.12,15.81,0
motor_08,56,76.34,11.05,1797.65,15.47,0
motor_08,57,75.78,11.67,1815.56,15.49,0
motor_08,58,77.98,10.01,1802.66,15.81,0
motor_08,59,76.72,10.07,1803.28,15.43,0
motor_08,60,75.8,11.11,1799.2,15.75,0
motor_08,61,77.98,11.07,1797.47,15.63,0
motor_08,62,78.52,10.21,1809.35,15.83,0
motor_08,63,80.05,9.92,1795.63,15.81,0
motor_08,64,79.31,12.89,1798.84,15.89,0
motor_08,65,78.75,9.91,1799.18,15.62,0
motor_08,66,76.95,10.15,1801.46,15.55,0
motor_08,67,78.38,12.19,1803.74,15.61,0
motor_08,68,78.41,9.68,1791.8,15.65,0
motor_08,69,77.6,11.45,1805.12,15.8,0
motor_08,70,82.43,11.39,1794.71,15.71,0
motor_08,71,79.33,11.39,1799.37,15.86,0
motor_08,72,78.09,12.04,1796.02,15.58,0
motor_08,73,76.78,12.63,1800.74,15.8,0
motor_08,74,77.74,13.3,1787.93,16.08,0
motor_08,75,78.88,11.32,1795.62,15.78,0
motor_08,76,79.83,11.99,1797.52,15.83,0
motor_08,77,80.2,10.72,1794.85,15.87,0
motor_08,78,79.35,10.81,1802.01,16.05,0
motor_08,79,77.83,11.36,1794.19,15.94,0
motor_08,80,80.9,11.62,1801.24,16.06,0
motor_08,81,79.21,11.96,1799.36,15.97,0
motor_08,82,80.7,11.91,1795.17,16.0,0
motor_08,83,80.34,9.61,1804.78,15.9,0
motor_08,84,82.82,11.48,1801.47,16.24,0
motor_08,85,79.87,9.55,1793.23,15.88,0
motor_08,86,79.15,11.33,1797.83,15.88,0
motor_08,87,82.72,12.84,1799.92,16.19,0
motor_08,88,82.37,11.79,1799.18,16.1,0
motor_08,89,77.44,13.01,1797.33,15.89,0
motor_08,90,80.5,12.05,1794.44,15.99,0
motor_08,91,82.83,11.8,1792.63,15.88,0
motor_08,92,79.69,11.49,1790.75,15.94,0
motor_08,93,80.88,12.66,1788.39,16.44,0
motor_08,94,81.61,12.32,1797.57,16.12,0
motor_08,95,81.36,13.47,1797.22,16.15,0
motor_08,96,79.69,11.51,1791.26,16.22,0
motor_08,97,82.96,10.6,1793.18,16.59,0
motor_08,98,81.08,12.2,1805.77,16.26,0
motor_08,99,82.38,14.15,1796.72,16.22,0
motor_08,100,81.45,12.72,1807.42,15.87,0
motor_08,101,82.07,11.03,1790.52,16.02,0
motor_08,102,82.5,12.66,1802.55,16.17,0
motor_08,103,82.82,11.41,1797.28,16.27,0
motor_08,104,83.36,12.66,1805.9,16.42,0
motor_08,105,80.11,12.81,1799.18,16.12,0
motor_08,106,81.77,14.44,1794.25,16.19,0
motor_08,107,80.79,12.03,1801.44,16.48,0
motor_08,108,82.12,13.08,1806.49,16.52,0
motor_08,109,81.17,11.91,1804.61,16.32,0
motor_08,110,82.62,11.63,1801.11,16.17,0
motor_08,111,84.34,11.67,1801.9,16.27,0
motor_08,112,84.43,11.88,1800.71,16.33,0
motor_08,113,85.4,13.87,1798.12,16.69,0
motor_08,114,84.89,13.68,1799.52,16.3,0
motor_08,115,82.72,13.24,1789.93,15.92,0
motor_08,116,83.36,13.87,1800.19,16.58,0
motor_08,117,82.65,13.0,1791.35,16.25,0
motor_08,118,82.95,13.51,1800.85,16.32,0
motor_08,119,85.03,12.84,1790.2,16.7,0
motor_08,120,82.63,13.81,1798.64,16.29,0
motor_08,121,84.28,13.29,1799.62,16.36,0
motor_08,122,85.82,13.18,1791.87,16.66,0
motor_08,123,88.48,13.07,1787.55,16.78,0
motor_08,124,85.44,14.63,1794.73,16.29,0
motor_08,125,86.11,13.89,1786.36,16.15,0
motor_08,126,84.33,13.5,1795.8,16.75,0
motor_08,127,84.54,14.41,1796.87,16.58,0
motor_08,128,85.98,13.38,1798.32,16.59,0
motor_08,129,84.35,12.49,1791.26,16.57,0
motor_08,130,85.39,14.23,1793.87,16.44,0
motor_08,131,87.04,13.86,1791.19,16.43,0
motor_08,132,84.9,12.98,1797.22,16.93,0
motor_08,133,83.72,14.22,1799.36,16.43,0
motor_08,134,85.71,14.13,1793.12,16.65,0
motor_08,135,82.81,13.1,1798.19,16.87,0
motor_08,136,89.73,14.62,1789.39,16.68,0
motor_08,137,86.19,14.58,1790.91,16.6,0
motor_08,138,84.6,14.48,1790.92,16.67,0
motor_08,139,85.99,15.07,1799.62,16.54,0
motor_08,140,86.22,13.74,1779.19,16.55,0
motor_08,141,87.87,14.32,1789.74,16.66,0
motor_08,142,86.87,14.64,1796.18,16.82,0
motor_08,143,87.87,14.2,1798.37,16.63,0
motor_08,144,84.89,15.38,1796.22,16.89,0
motor_08,145,87.67,15.7,1787.08,16.6,0
motor_08,146,89.42,15.15,1785.73,17.1,0
motor_08,147,87.29,14.95,1791.06,16.82,0
motor_08,148,89.39,15.41,1789.9,16.93,0
motor_08,149,86.87,15.91,1793.88,17.16,0
motor_08,150,87.54,14.9,1779.32,16.7,0
motor_08,151,89.39,15.11,1787.89,16.69,0
motor_08,152,88.79,16.31,1785.2,17.07,0
motor_08,153,88.53,14.6,1795.87,16.85,0
motor_08,154,92.01,15.46,1785.28,16.99,0
motor_08,155,90.49,15.83,1794.09,16.87,0
motor_08,156,88.01,15.5,1784.83,17.17,0
motor_08,157,89.39,15.91,1793.65,16.74,0
motor_08,158,88.36,15.93,1781.63,16.57,0
motor_08,159,90.9,16.35,1787.6,16.68,0
motor_08,160,88.45,14.82,1790.54,16.84,0
motor_08,161,88.74,16.16,1786.33,16.95,0
motor_08,162,93.2,16.11,1779.34,16.99,0
motor_08,163,90.03,15.33,1787.15,16.8,0
motor_08,164,88.88,16.29,1790.93,16.69,0
motor_08,165,87.15,15.5,1792.7,17.07,0
motor_08,166,89.78,15.31,1785.76,16.95,0
motor_08,167,88.59,15.2,1790.18,17.04,0
motor_08,168,86.9,17.16,1784.05,17.34,0
motor_08,169,89.37,16.19,1783.44,17.08,0
motor_08,170,91.45,16.2,1791.41,17.23,0
motor_08,171,90.52,16.97,1783.51,16.91,0
motor_08,172,87.1,16.76,1779.91,16.99,0
motor_08,173,88.85,16.51,1778.89,16.96,0
motor_08,174,90.05,17.66,1784.89,16.86,0
motor_08,175,91.08,17.56,1773.87,16.92,0
motor_08,176,90.33,17.91,1785.18,17.02,0
motor_08,177,92.06,17.71,1786.58,17.07,0
motor_08,178,90.4,16.67,1779.74,17.24,0
motor_08,179,90.68,17.91,1777.39,17.41,0
motor_08,180,87.82,18.25,1780.48,16.93,0
motor_08,181,92.13,16.94,1777.42,17.07,0
motor_08,182,90.58,18.6,1781.63,16.91,0
motor_08,183,90.88,18.06,1778.59,16.98,0
motor_08,184,92.21,17.97,1785.81,16.96,0
motor_08,185,89.85,17.39,1778.45,17.36,0
motor_08,186,90.93,19.08,1774.04,17.3,0
motor_08,187,90.12,19.41,1787.84,17.14,0
motor_08,188,90.9,19.16,1785.62,16.99,0
motor_08,189,91.49,19.38,1769.77,17.38,0
motor_08,190,90.83,19.34,1782.7,17.29,0
motor_08,191,92.06,18.54,1770.51,17.07,0
motor_08,192,93.84,18.2,1776.66,17.15,0
motor_08,193,92.34,17.71,1780.34,17.22,0
motor_08,194,95.81,19.33,1781.73,17.5,0
motor_08,195,91.6,19.7,1780.14,17.42,0
motor_08,196,92.21,20.08,1773.92,17.45,0
motor_08,197,92.62,18.51,1781.67,17.07,0
motor_08,198,93.12,19.05,1773.47,17.15,0
motor_08,199,92.62,18.54,1783.91,17.36,0
motor_08,200,95.18,18.43,1771.39,17.68,0
motor_08,201,92.63,19.04,1770.32,17.35,0
motor_08,202,96.15,19.72,1777.73,17.76,0
motor_08,203,95.65,19.95,1782.45,17.46,0
motor_08,204,95.75,21.0,1768.98,17.28,0
motor_08,205,94.67,19.23,1765.91,17.45,0
motor_08,206,95.38,20.44,1768.05,17.18,0
motor_08,207,92.75,20.79,1772.35,17.4,0
motor_08,208,96.5,19.43,1772.78,17.5,0
motor_08,209,93.24,19.11,1766.19,17.26,0
motor_08,210,95.6,20.17,1765.11,17.56,0
motor_08,211,94.45,21.41,1769.9,17.8,0
motor_08,212,97.58,20.03,1771.57,17.6,0
motor_08,213,95.13,19.63,1764.19,17.07,0
motor_08,214,95.95,20.67,1767.26,17.72,0
motor_08,215,94.26,20.73,1759.86,17.58,0
motor_08,216,96.59,21.4,1765.61,17.33,0
motor_08,217,96.0,22.0,1769.42,17.8,0
motor_08,218,97.4,21.51,1772.93,17.53,0
motor_08,219,94.25,20.07,1759.87,17.43,0
motor_08,220,97.07,21.38,1761.85,17.46,0
motor_08,221,95.5,22.03,1761.56,17.75,0
motor_08,222,96.66,22.13,1757.69,17.6,0
motor_08,223,97.39,22.43,1763.42,18.03,0
motor_08,224,98.42,23.33,1771.77,17.63,0
motor_08,225,97.12,21.91,1770.29,17.71,0
motor_08,226,98.45,21.93,1758.56,17.72,0
motor_08,227,98.95,22.1,1767.84,17.98,0
motor_08,228,98.24,21.89,1751.48,17.64,0
motor_08,229,96.92,22.99,1756.2,17.84,0
motor_08,230,96.62,23.16,1766.59,18.2,0
motor_08,231,99.68,22.64,1751.93,18.04,0
motor_08,232,99.02,23.6,1758.35,18.04,0
motor_08,233,98.94,22.82,1751.7,17.86,0
motor_08,234,98.5,23.35,1746.04,17.47,0
motor_08,235,98.33,22.7,1759.63,17.79,0
motor_08,236,97.63,23.74,1765.22,17.87,0
motor_08,237,98.83,24.09,1755.49,17.38,0
motor_08,238,98.17,22.49,1764.7,18.06,0
motor_08,239,100.18,25.13,1748.17,17.89,0
motor_08,240,99.36,23.61,1746.97,18.35,0
motor_08,241,97.02,22.46,1755.77,17.58,0
motor_08,242,100.26,25.3,1749.94,17.77,0
motor_08,243,96.49,24.26,1751.08,17.52,0
motor_08,244,98.84,23.24,1753.19,18.19,0
motor_08,245,100.32,24.68,1763.87,18.05,0
motor_08,246,97.98,25.14,1748.05,18.03,0
motor_08,247,99.05,25.39,1752.25,17.85,0
motor_08,248,100.5,24.48,1749.38,18.01,0
motor_08,249,99.11,24.51,1754.97,17.91,0
motor_08,250,100.5,23.95,1748.37,18.2,1
motor_09,1,69.7,10.68,1793.65,14.91,0
motor_09,2,70.17,10.8,1798.08,15.28,0
motor_09,3,69.44,9.82,1805.16,15.08,0
motor_09,4,71.74,10.55,1798.83,14.69,0
motor_09,5,71.18,10.6,1806.67,15.25,0
motor_09,6,70.41,8.54,1804.45,15.11,0
motor_09,7,72.16,10.88,1803.49,15.23,0
motor_09,8,70.62,9.95,1792.07,15.25,0
motor_09,9,71.53,9.65,1801.48,15.4,0
motor_09,10,72.14,8.92,1790.55,15.19,0
motor_09,11,72.19,10.06,1791.8,15.29,0
motor_09,12,72.08,10.39,1796.96,15.16,0
motor_09,13,71.68,11.56,1806.07,15.61,0
motor_09,14,68.94,9.65,1791.26,15.36,0
motor_09,15,73.44,11.29,1799.03,15.29,0
motor_09,16,73.14,9.02,1803.22,15.15,0
motor_09,17,71.41,9.55,1800.24,15.27,0
motor_09,18,70.93,10.48,1799.33,15.27,0
motor_09,19,73.52,10.86,1796.19,15.27,0
motor_09,20,73.94,10.61,1798.98,15.67,0
motor_09,21,72.25,9.83,1809.86,15.33,0
motor_09,22,73.59,11.44,1796.41,15.73,0
motor_09,23,73.97,10.56,1799.64,15.48,0
motor_09,24,75.14,10.23,1793.25,15.53,0
motor_09,25,71.78,12.61,1793.28,15.28,0
motor_09,26,73.82,9.77,1795.57,15.28,0
motor_09,27,75.08,10.49,1799.75,15.5,0
motor_09,28,75.01,10.5,1787.47,15.24,0
motor_09,29,71.67,11.46,1796.13,15.55,0
motor_09,30,74.84,10.08,1807.54,15.24,0
motor_09,31,75.32,9.56,1804.45,15.65,0
motor_09,32,74.83,11.29,1799.39,15.71,0
motor_09,33,73.33,11.3,1801.47,15.22,0
motor_09,34,71.95,10.91,1786.79,15.79,0
motor_09,35,73.64,10.92,1786.71,15.52,0
motor_09,36,78.0,10.79,1797.48,15.54,0
motor_09,37,73.27,9.56,1801.37,15.27,0
motor_09,38,76.51,10.89,1805.66,15.46,0
motor_09,39,77.57,11.03,1802.06,15.82,0
motor_09,40,77.2,10.38,1796.29,15.42,0
motor_09,41,75.42,10.5,1802.79,15.47,0
motor_09,42,77.7,9.68,1802.17,15.67,0
motor_09,43,75.76,10.85,1796.99,15.63,0
motor_09,44,76.98,11.04,1799.69,15.54,0
motor_09,45,74.12,11.03,1807.2,15.58,0
motor_09,46,80.31,9.92,1795.01,15.82,0
motor_09,47,78.85,10.91,1785.64,15.65,0
motor_09,48,76.76,11.92,1803.57,15.78,0
motor_09,49,77.23,11.67,1803.38,15.74,0
motor_09,50,79.34,10.62,1805.38,15.53,0
motor_09,51,77.16,9.26,1799.54,15.91,0
motor_09,52,76.51,11.09,1785.57,15.54,0
motor_09,53,75.97,11.12,1802.17,15.85,0
motor_09,54,78.03,11.71,1796.4,15.87,0
motor_09,55,79.3,10.49,1790.67,15.96,0
motor_09,56,79.43,10.25,1801.81,15.97,0
motor_09,57,76.37,12.37,1806.47,15.93,0
motor_09,58,79.34,12.09,1807.82,15.92,0
motor_09,59,81.39,11.67,1808.85,15.62,0
motor_09,60,77.74,9.46,1799.66,15.81,0
motor_09,61,79.64,11.39,1802.15,15.68,0
motor_09,62,81.87,11.98,1791.12,16.09,0
motor_09,63,79.48,11.63,1795.21,15.97,0
motor_09,64,79.71,11.89,1807.28,16.29,0
motor_09,65,78.16,12.69,1788.07,16.07,0
motor_09,66,78.5,11.69,1799.29,15.96,0
motor_09,67,78.97,10.39,1795.89,16.17,0
motor_09,68,82.48,12.78,1800.74,16.1,0
motor_09,69,81.1,12.57,1790.62,16.05,0
motor_09,70,79.66,11.12,1801.8,16.12,0
motor_09,71,82.86,12.39,1794.81,16.07,0
motor_09,72,82.3,11.78,1794.35,16.39,0
motor_09,73,82.1,11.87,1796.43,16.21,0
motor_09,74,80.68,12.85,1801.02,16.19,0
motor_09,75,79.83,12.16,1795.08,15.77,0
motor_09,76,81.72,13.16,1800.62,16.11,0
motor_09,77,82.55,12.75,1797.02,16.08,0
motor_09,78,80.56,12.63,1796.34,16.55,0
motor_09,79,84.06,13.28,1808.63,16.51,0
motor_09,80,83.55,12.83,1792.36,16.45,0
motor_09,81,80.05,11.97,1793.05,16.09,0
motor_09,82,81.78,13.08,1800.67,16.5,0
motor_09,83,82.02,14.03,1795.73,16.15,0
motor_09,84,82.35,12.28,1797.4,16.19,0
motor_09,85,80.91,15.35,1790.34,16.26,0
motor_09,86,84.12,12.4,1794.5,16.14,0
motor_09,87,81.08,12.23,1793.06,16.29,0
motor_09,88,84.01,14.13,1792.44,16.39,0
motor_09,89,85.69,12.26,1800.37,16.52,0
motor_09,90,84.88,13.86,1793.91,16.6,0
motor_09,91,83.23,12.59,1792.94,16.26,0
motor_09,92,84.66,14.56,1797.02,16.55,0
motor_09,93,85.21,13.17,1793.05,16.45,0
motor_09,94,84.7,14.81,1796.11,16.72,0
motor_09,95,82.6,13.73,1795.11,16.83,0
motor_09,96,84.86,13.73,1793.09,16.4,0
motor_09,97,85.68,12.59,1793.9,16.6,0
motor_09,98,85.41,14.66,1797.74,16.51,0
motor_09,99,85.3,11.72,1801.77,16.6,0
motor_09,100,88.23,14.97,1796.68,16.36,0
motor_09,101,84.44,14.59,1790.38,16.67,0
motor_09,102,86.17,14.22,1791.13,16.56,0
motor_09,103,83.85,14.82,1796.69,16.84,0
motor_09,104,85.24,14.44,1799.55,16.38,0
motor_09,105,85.85,13.92,1791.26,16.63,0
motor_09,106,85.83,14.36,1790.33,16.98,0
motor_09,107,88.21,14.86,1789.35,16.4,0
motor_09,108,86.94,15.97,1799.21,16.78,0
motor_09,109,88.72,15.05,1786.54,16.46,0
motor_09,110,89.46,15.34,1789.08,16.32,0
motor_09,111,85.33,14.21,1794.81,16.7,0
motor_09,112,88.25,13.8,1789.25,16.82,0
motor_09,113,84.8,16.52,1795.29,16.46,0
motor_09,114,87.64,14.85,1789.0,16.77,0
motor_09,115,90.31,15.08,1800.99,16.77,0
motor_09,116,88.49,15.93,1795.61,16.71,0
motor_09,117,90.15,16.14,1785.14,16.88,0
motor_09,118,90.03,14.62,1789.76,16.52,0
motor_09,119,89.56,15.71,1798.7,16.95,0
motor_09,120,88.76,16.84,1787.1,16.76,0
motor_09,121,88.31,18.19,1782.7,16.87,0
motor_09,122,88.11,16.92,1783.62,16.71,0
motor_09,123,90.03,15.98,1788.07,16.8,0
motor_09,124,91.62,14.88,1780.11,16.95,0
motor_09,125,90.65,15.26,1785.92,16.82,0
motor_09,126,91.55,15.99,1788.96,17.11,0
motor_09,127,90.14,15.48,1785.63,16.9,0
motor_09,128,92.29,16.66,1796.13,17.21,0
motor_09,129,90.69,16.39,1789.2,16.99,0
motor_09,130,89.87,17.64,1783.9,16.84,0
motor_09,131,93.6,16.28,1788.49,16.85,0
motor_09,132,91.71,17.31,1786.12,17.25,0
motor_09,133,88.51,16.81,1786.34,17.16,0
motor_09,134,89.37,17.28,1780.42,17.04,0
motor_09,135,89.88,17.4,1777.44,17.15,0
motor_09,136,91.38,17.7,1788.78,16.93,0
motor_09,137,92.29,16.95,1786.06,17.32,0
motor_09,138,93.0,19.63,1781.57,17.01,0
motor_09,139,93.83,18.42,1785.85,16.96,0
motor_09,140,91.44,18.3,1787.09,17.41,0
motor_09,141,90.94,18.54,1784.2,17.09,0
motor_09,142,93.42,18.49,1776.09,17.58,0
motor_09,143,92.45,16.39,1785.2,17.07,0
motor_09,144,94.94,17.35,1787.14,17.23,0
motor_09,145,95.87,17.95,1786.27,17.27,0
motor_09,146,94.57,19.06,1778.83,17.1,0
motor_09,147,95.79,17.73,1779.63,17.17,0
motor_09,148,92.48,18.27,1784.37,17.2,0
motor_09,149,90.12,18.75,1773.17,17.6,0
motor_09,150,94.59,20.37,1775.5,17.62,0
motor_09,151,91.74,18.45,1771.3,17.52,0
motor_09,152,95.03,18.86,1768.19,17.43,0
motor_09,153,93.3,19.07,1776.07,17.36,0
motor_09,154,94.17,19.87,1786.35,17.23,0
motor_09,155,91.12,17.9,1774.06,17.55,0
motor_09,156,95.85,19.06,1775.58,17.53,0
motor_09,157,91.13,20.64,1778.96,17.74,0
motor_09,158,93.23,19.73,1776.71,17.52,0
motor_09,159,96.45,20.92,1764.15,17.45,0
motor_09,160,94.25,20.58,1765.12,17.64,0
motor_09,161,93.48,20.54,1784.53,17.71,0
motor_09,162,96.49,20.34,1770.45,17.56,0
motor_09,163,92.87,20.91,1768.79,17.72,0
motor_09,164,94.48,20.77,1765.71,17.73,0
motor_09,165,95.48,21.53,1773.2,17.54,0
motor_09,166,93.38,20.17,1768.2,17.43,0
motor_09,167,96.64,20.16,1766.32,17.25,0
motor_09,168,95.3,21.59,1769.59,17.57,0
motor_09,169,93.35,22.51,1765.71,17.72,0
motor_09,170,96.56,20.95,1776.08,17.79,0
motor_09,171,97.65,21.91,1769.03,17.66,0
motor_09,172,96.43,21.09,1765.31,17.34,0
motor_09,173,98.22,23.41,1766.07,17.75,0
motor_09,174,94.55,22.05,1769.52,17.57,0
motor_09,175,96.38,21.84,1756.44,17.7,0
motor_09,176,97.36,23.13,1760.63,17.43,0
motor_09,177,96.41,23.3,1752.01,17.58,0
motor_09,178,99.15,21.2,1765.39,17.64,0
motor_09,179,97.71,22.8,1753.0,18.02,0
motor_09,180,98.57,23.09,1761.59,17.57,0
motor_09,181,99.19,24.12,1754.87,17.53,0
motor_09,182,99.91,23.07,1763.49,18.09,0
motor_09,183,98.05,22.82,1762.25,17.66,0
motor_09,184,99.17,22.85,1766.59,17.91,0
motor_09,185,99.24,22.63,1753.06,18.03,0
motor_09,186,96.94,24.05,1760.2,17.69,0
motor_09,187,98.13,23.92,1752.67,17.8,0
motor_09,188,98.68,23.38,1748.28,17.62,0
motor_09,189,99.89,25.97,1749.21,17.78,0
motor_09,190,102.39,25.1,1748.23,17.84,0
motor_09,191,99.47,24.1,1747.82,18.21,0
motor_09,192,100.49,23.88,1748.55,17.85,0
motor_09,193,100.78,24.75,1751.2,17.83,1
motor_10,1,69.14,8.55,1800.44,15.36,0
motor_10,2,69.88,10.6,1807.85,15.46,0
motor_10,3,71.84,9.0,1804.61,15.15,0
motor_10,4,70.91,10.77,1800.69,14.95,0
motor_10,5,69.63,9.9,1798.88,15.26,0
motor_10,6,69.55,10.13,1794.32,15.07,0
motor_10,7,72.31,9.87,1802.25,14.87,0
motor_10,8,72.88,10.45,1812.38,14.63,0
motor_10,9,69.48,9.9,1795.33,14.93,0
motor_10,10,72.35,9.75,1795.99,15.33,0
motor_10,11,71.03,10.38,1797.96,15.06,0
motor_10,12,73.96,9.56,1800.65,14.96,0
motor_10,13,70.61,9.96,1798.6,15.07,0
motor_10,14,73.94,12.0,1803.16,15.29,0
motor_10,15,72.63,9.13,1797.81,15.31,0
motor_10,16,70.08,10.33,1803.9,15.32,0
motor_10,17,73.39,10.54,1792.88,15.41,0
motor_10,18,71.91,9.01,1807.96,15.15,0
motor_10,19,73.4,11.46,1809.57,15.1,0
motor_10,20,72.67,10.26,1802.17,15.27,0
motor_10,21,73.12,9.24,1798.73,15.31,0
motor_10,22,73.25,9.95,1804.58,15.42,0
motor_10,23,75.24,9.83,1797.6,15.31,0
motor_10,24,74.92,10.53,1800.69,15.68,0
motor_10,25,76.36,11.3,1807.57,15.27,0
motor_10,26,73.02,9.75,1796.22,15.2,0
motor_10,27,75.94,12.18,1793.92,15.34,0
motor_10,28,73.73,11.11,1797.31,15.39,0
motor_10,29,74.51,9.91,1793.63,15.37,0
motor_10,30,74.28,9.84,1802.7,15.49,0
motor_10,31,76.39,9.57,1805.93,15.64,0
motor_10,32,75.52,10.02,1796.69,15.3,0
motor_10,33,74.6,10.46,1795.73,15.33,0
motor_10,34,74.68,10.24,1809.68,15.33,0
motor_10,35,77.4,12.22,1800.8,15.17,0
motor_10,36,75.18,10.89,1785.79,15.53,0
motor_10,37,74.17,10.56,1796.19,15.52,0
motor_10,38,75.43,10.52,1797.35,15.27,0
motor_10,39,78.04,11.28,1795.44,15.29,0
motor_10,40,77.52,11.08,1795.04,15.67,0
motor_10,41,78.55,10.23,1801.66,15.43,0
motor_10,42,75.81,10.06,1803.49,15.93,0
motor_10,43,76.1,11.24,1803.33,16.02,0
motor_10,44,75.52,12.11,1808.08,15.59,0
motor_10,45,78.16,10.31,1792.6,15.67,0
motor_10,46,77.68,11.39,1792.44,15.6,0
motor_10,47,80.37,11.82,1789.3,15.83,0
motor_10,48,78.17,10.18,1792.25,15.59,0
motor_10,49,78.46,9.3,1795.44,15.5,0
motor_10,50,77.04,10.98,1801.92,15.93,0
motor_10,51,77.39,10.31,1797.73,15.94,0
motor_10,52,77.42,11.2,1799.55,15.54,0
motor_10,53,77.77,11.26,1795.36,15.96,0
motor_10,54,79.29,9.54,1795.72,16.1,0
motor_10,55,79.02,11.29,1805.24,16.04,0
motor_10,56,77.96,12.11,1797.74,15.79,0
motor_10,57,80.21,11.98,1799.48,16.01,0
motor_10,58,80.18,11.46,1803.94,16.07,0
motor_10,59,79.63,11.23,1797.46,15.8,0
motor_10,60,79.61,13.18,1795.31,15.97,0
motor_10,61,77.86,12.64,1803.67,15.58,0
motor_10,62,81.89,13.17,1793.65,16.02,0
motor_10,63,80.47,13.08,1809.49,15.76,0
motor_10,64,79.88,12.79,1799.94,15.98,0
motor_10,65,80.06,11.34,1802.36,16.14,0
motor_10,66,79.49,11.5,1799.26,16.03,0
motor_10,67,81.52,12.71,1793.37,15.99,0
motor_10,68,80.17,11.17,1797.15,16.16,0
motor_10,69,83.55,14.08,1804.8,15.68,0
motor_10,70,81.47,12.04,1796.1,16.45,0
motor_10,71,79.27,12.57,1801.52,16.09,0
motor_10,72,82.59,10.74,1798.03,16.28,0
motor_10,73,82.69,12.72,1800.79,16.03,0
motor_10,74,79.32,12.11,1794.47,16.51,0
motor_10,75,84.52,11.72,1787.68,15.84,0
motor_10,76,80.58,13.51,1792.81,16.2,0
motor_10,77,83.95,12.3,1806.3,16.35,0
motor_10,78,80.47,13.22,1799.55,15.92,0
motor_10,79,81.49,12.4,1797.05,16.18,0
motor_10,80,83.15,14.96,1803.09,16.1,0
motor_10,81,81.98,12.27,1802.84,16.09,0
motor_10,82,83.57,12.62,1797.48,16.29,0
motor_10,83,82.66,11.14,1794.76,16.12,0
motor_10,84,85.22,12.37,1794.82,16.07,0
motor_10,85,83.61,14.45,1801.29,16.59,0
motor_10,86,82.12,12.64,1804.23,16.26,0
motor_10,87,85.35,11.72,1802.66,16.26,0
motor_10,88,83.92,13.76,1788.61,16.2,0
motor_10,89,87.99,13.62,1794.88,16.62,0
motor_10,90,85.17,13.28,1786.81,16.43,0
motor_10,91,83.85,11.99,1791.81,16.28,0
motor_10,92,84.37,13.68,1791.56,16.24,0
motor_10,93,85.37,13.86,1799.99,16.08,0
motor_10,94,83.25,12.59,1796.18,16.4,0
motor_10,95,85.32,14.54,1791.57,16.26,0
motor_10,96,85.31,13.72,1796.4,16.57,0
motor_10,97,84.01,13.02,1787.57,16.45,0
motor_10,98,83.83,14.38,1794.34,16.45,0
motor_10,99,85.87,13.77,1792.69,16.78,0
motor_10,100,85.24,14.41,1793.01,16.17,0
motor_10,101,87.47,13.46,1787.91,16.42,0
motor_10,102,85.4,13.41,1795.65,16.45,0
motor_10,103,86.25,14.94,1796.74,16.48,0
motor_10,104,89.45,14.43,1789.98,16.55,0
motor_10,105,86.56,13.7,1794.65,16.51,0
motor_10,106,86.89,14.25,1783.49,16.48,0
motor_10,107,84.99,14.12,1785.05,16.79,0
motor_10,108,87.35,15.98,1785.86,16.72,0
motor_10,109,86.4,15.29,1787.23,16.5,0
motor_10,110,84.1,13.79,1794.38,16.78,0
motor_10,111,89.01,16.0,1786.32,17.19,0
motor_10,112,88.43,13.99,1788.02,16.85,0
motor_10,113,91.14,16.56,1784.44,16.91,0
motor_10,114,89.05,16.21,1780.95,16.83,0
motor_10,115,88.27,14.26,1785.55,16.59,0
motor_10,116,89.08,15.08,1789.37,17.45,0
motor_10,117,86.37,15.62,1793.91,17.18,0
motor_10,118,88.83,15.92,1787.99,16.86,0
motor_10,119,90.17,15.46,1781.66,16.73,0
motor_10,120,88.37,16.47,1785.35,17.02,0
motor_10,121,87.89,15.47,1781.34,16.75,0
motor_10,122,90.9,16.43,1786.18,17.11,0
motor_10,123,90.96,15.79,1783.99,17.1,0
motor_10,124,88.43,17.97,1786.58,17.18,0
motor_10,125,90.02,16.69,1783.68,17.04,0
motor_10,126,90.5,15.38,1778.34,16.76,0
motor_10,127,90.52,16.6,1776.04,17.24,0
motor_10,128,88.47,16.91,1790.47,17.12,0
motor_10,129,89.56,17.32,1784.06,16.9,0
motor_10,130,88.06,16.61,1778.49,17.23,0
motor_10,131,89.78,16.83,1782.98,17.01,0
motor_10,132,92.71,17.09,1794.65,17.26,0
motor_10,133,88.96,17.29,1781.11,17.09,0
motor_10,134,94.16,16.99,1776.12,16.87,0
motor_10,135,93.81,18.87,1774.78,17.4,0
motor_10,136,93.22,18.31,1781.82,17.54,0
motor_10,137,89.94,18.12,1781.14,17.21,0
motor_10,138,92.17,18.54,1785.25,16.94,0
motor_10,139,93.05,16.75,1777.19,17.36,0
motor_10,140,92.71,17.16,1789.22,17.24,0
motor_10,141,93.26,17.89,1778.16,17.21,0
motor_10,142,91.46,18.93,1773.16,17.18,0
motor_10,143,90.93,18.71,1777.82,17.26,0
motor_10,144,93.37,18.06,1779.45,17.49,0
motor_10,145,97.89,17.61,1773.04,17.21,0
motor_10,146,93.68,19.64,1773.03,17.06,0
motor_10,147,94.67,19.65,1777.3,17.1,0
motor_10,148,94.56,20.3,1787.24,17.57,0
motor_10,149,91.41,19.22,1771.35,17.65,0
motor_10,150,95.87,18.31,1771.91,17.24,0
motor_10,151,93.03,17.29,1772.29,17.12,0
motor_10,152,92.8,19.28,1770.95,17.57,0
motor_10,153,90.79,21.16,1766.37,17.32,0
motor_10,154,94.37,20.43,1771.54,17.23,0
motor_10,155,92.06,20.7,1771.58,17.53,0
motor_10,156,91.31,19.02,1776.65,17.32,0
motor_10,157,94.54,20.76,1763.8,17.33,0
motor_10,158,93.66,19.26,1761.84,17.08,0
motor_10,159,96.19,20.5,1764.34,17.34,0
motor_10,160,95.18,21.15,1765.0,17.5,0
motor_10,161,93.65,21.76,1767.69,17.67,0
motor_10,162,96.29,19.85,1768.31,17.64,0
motor_10,163,94.25,20.81,1767.32,17.67,0
motor_10,164,95.71,22.0,1766.25,17.7,0
motor_10,165,93.07,21.61,1768.41,17.75,0
motor_10,166,98.57,20.75,1765.35,17.65,0
motor_10,167,95.18,21.56,1771.11,18.19,0
motor_10,168,97.59,22.7,1763.45,17.61,0
motor_10,169,97.25,22.22,1770.01,17.22,0
motor_10,170,94.5,22.65,1755.35,17.57,0
motor_10,171,98.8,22.14,1763.99,17.79,0
motor_10,172,95.95,21.98,1762.95,17.91,0
motor_10,173,95.17,22.24,1761.1,17.78,0
motor_10,174,96.48,22.19,1765.09,17.3,0
motor_10,175,99.06,21.25,1753.4,17.94,0
motor_10,176,99.48,22.3,1762.21,17.46,0
motor_10,177,99.13,22.46,1761.07,18.17,0
motor_10,178,99.31,22.38,1761.54,17.84,0
motor_10,179,98.16,22.59,1759.32,17.95,0
motor_10,180,100.6,23.25,1760.02,17.74,0
motor_10,181,98.72,23.76,1757.59,18.15,0
motor_10,182,100.48,22.65,1760.52,17.96,0
motor_10,183,97.7,26.15,1767.73,18.0,0
motor_10,184,101.49,22.61,1752.11,17.9,0
motor_10,185,102.24,25.08,1759.45,17.84,0
motor_10,186,97.79,23.55,1746.68,17.96,0
motor_10,187,101.62,24.87,1751.36,18.29,0
motor_10,188,97.43,25.86,1753.47,18.43,0
motor_10,189,99.23,25.12,1750.49,17.95,1
motor_11,1,69.64,9.8,1799.58,15.12,0
motor_11,2,69.49,10.2,1802.59,15.03,0
motor_11,3,72.13,10.06,1803.24,14.84,0
motor_11,4,70.64,9.86,1793.78,15.04,0
motor_11,5,72.0,9.7,1793.02,15.31,0
motor_11,6,69.78,8.51,1804.54,15.09,0
motor_11,7,72.43,10.69,1795.78,14.99,0
motor_11,8,70.57,10.27,1812.13,15.26,0
motor_11,9,70.34,10.79,1799.99,15.36,0
motor_11,10,72.39,10.64,1801.05,15.13,0
motor_11,11,70.09,10.68,1797.44,14.91,0
motor_11,12,70.47,9.98,1796.83,15.27,0
motor_11,13,73.89,8.85,1801.49,15.13,0
motor_11,14,71.08,9.73,1803.87,15.31,0
motor_11,15,73.06,9.63,1798.51,15.47,0
motor_11,16,73.31,10.46,1800.69,14.98,0
motor_11,17,72.12,9.88,1797.41,14.98,0
motor_11,18,72.62,9.56,1803.48,15.48,0
motor_11,19,72.14,11.09,1793.75,15.35,0
motor_11,20,73.54,9.82,1799.8,15.47,0
motor_11,21,75.05,11.35,1806.77,15.14,0
motor_11,22,70.69,10.15,1803.69,15.59,0
motor_11,23,70.19,9.89,1796.53,15.49,0
motor_11,24,69.86,11.71,1802.02,15.43,0
motor_11,25,73.0,8.78,1789.41,14.98,0
motor_11,26,72.09,9.32,1796.69,15.48,0
motor_11,27,72.48,10.65,1803.65,15.31,0
motor_11,28,70.46,11.17,1794.33,15.04,0
motor_11,29,72.36,11.85,1807.4,15.13,0
motor_11,30,73.14,12.24,1793.3,15.13,0
motor_11,31,73.41,10.6,1803.19,15.42,0
motor_11,32,74.6,10.11,1804.59,15.54,0
motor_11,33,74.05,11.54,1811.92,15.2,0
motor_11,34,73.04,11.23,1804.42,15.33,0
motor_11,35,74.19,10.56,1803.41,15.62,0
motor_11,36,75.9,10.88,1801.88,15.04,0
motor_11,37,74.49,10.08,1807.21,15.24,0
motor_11,38,76.06,8.9,1800.45,15.4,0
motor_11,39,74.49,8.44,1808.09,15.91,0
motor_11,40,73.03,9.91,1795.02,15.62,0
motor_11,41,74.96,10.49,1796.27,15.5,0
motor_11,42,76.02,9.62,1801.29,15.46,0
motor_11,43,76.87,9.7,1802.04,15.68,0
motor_11,44,75.44,10.28,1796.71,15.37,0
motor_11,45,78.97,9.13,1805.96,15.36,0
motor_11,46,73.88,11.04,1801.52,15.59,0
motor_11,47,72.73,10.85,1798.29,15.7,0
motor_11,48,74.21,10.14,1796.92,15.25,0
motor_11,49,75.75,9.46,1797.47,15.6,0
motor_11,50,75.47,10.07,1803.24,15.5,0
motor_11,51,75.44,10.51,1801.15,15.84,0
motor_11,52,75.03,10.15,1798.54,15.82,0
motor_11,53,75.04,10.76,1808.92,15.69,0
motor_11,54,76.24,10.16,1798.79,15.56,0
motor_11,55,77.62,10.33,1806.18,15.83,0
motor_11,56,77.03,9.95,1797.12,15.37,0
motor_11,57,73.44,9.84,1799.77,15.68,0
motor_11,58,76.12,10.56,1794.86,16.0,0
motor_11,59,76.57,11.42,1808.75,15.51,0
motor_11,60,74.39,9.79,1807.96,15.51,0
motor_11,61,76.93,11.06,1800.15,15.97,0
motor_11,62,76.57,11.95,1806.99,16.07,0
motor_11,63,79.15,9.42,1796.82,15.46,0
motor_11,64,77.27,10.34,1799.06,15.72,0
motor_11,65,75.65,11.09,1794.11,15.54,0
motor_11,66,77.92,10.96,1804.7,15.77,0
motor_11,67,77.47,10.46,1790.21,15.85,0
motor_11,68,77.64,10.1,1798.13,16.03,0
motor_11,69,78.7,10.11,1799.65,15.9,0
motor_11,70,77.79,11.01,1808.58,15.68,0
motor_11,71,80.95,11.37,1795.82,15.66,0
motor_11,72,76.86,11.65,1795.1,15.79,0
motor_11,73,77.11,11.89,1793.71,15.67,0
motor_11,74,78.25,10.49,1807.82,15.99,0
motor_11,75,80.03,11.08,1799.41,15.69,0
motor_11,76,80.43,10.36,1796.97,15.81,0
motor_11,77,78.15,11.67,1798.86,15.79,0
motor_11,78,79.43,11.9,1797.04,15.42,0
motor_11,79,80.28,11.04,1795.88,15.57,0
motor_11,80,78.88,10.93,1791.77,15.83,0
motor_11,81,77.99,12.31,1803.98,15.92,0
motor_11,82,77.85,12.8,1797.01,16.26,0
motor_11,83,80.43,10.98,1796.34,16.06,0
motor_11,84,78.19,11.57,1800.63,15.81,0
motor_11,85,79.98,12.36,1798.5,15.74,0
motor_11,86,79.85,9.75,1802.02,15.82,0
motor_11,87,80.23,11.97,1798.02,15.85,0
motor_11,88,80.12,10.26,1799.05,16.07,0
motor_11,89,79.1,10.76,1794.25,15.47,0
motor_11,90,79.97,10.72,1794.2,15.91,0
motor_11,91,82.03,12.45,1802.32,16.33,0
motor_11,92,79.77,12.52,1806.35,16.1,0
motor_11,93,79.88,11.48,1795.89,15.94,0
motor_11,94,81.18,11.2,1809.08,15.64,0
motor_11,95,79.43,11.75,1794.38,16.2,0
motor_11,96,82.71,12.6,1790.85,16.07,0
motor_11,97,80.42,11.17,1805.15,15.97,0
motor_11,98,82.33,12.47,1801.26,16.18,0
motor_11,99,80.54,13.93,1789.85,16.3,0
motor_11,100,79.8,12.32,1801.76,16.04,0
motor_11,101,81.41,11.83,1793.85,16.47,0
motor_11,102,81.8,9.87,1794.74,16.26,0
motor_11,103,80.61,11.5,1795.85,15.96,0
motor_11,104,80.51,11.77,1790.96,16.06,0
motor_11,105,81.56,12.76,1788.93,15.93,0
motor_11,106,80.58,13.35,1800.21,16.31,0
motor_11,107,82.38,12.96,1785.97,16.13,0
motor_11,108,83.81,12.44,1804.23,16.76,0
motor_11,109,81.62,13.77,1802.99,16.08,0
motor_11,110,83.55,13.3,1799.65,16.44,0
motor_11,111,86.81,12.17,1800.26,16.44,0
motor_11,112,80.77,11.59,1797.48,16.39,0
motor_11,113,81.46,12.38,1791.71,16.17,0
motor_11,114,86.95,11.83,1794.97,16.31,0
motor_11,115,83.27,14.35,1793.42,16.18,0
motor_11,116,86.47,13.81,1795.38,16.26,0
motor_11,117,82.62,13.44,1789.2,16.24,0
motor_11,118,83.35,11.66,1792.81,16.59,0
motor_11,119,85.93,13.36,1797.56,16.27,0
motor_11,120,81.9,12.51,1787.41,16.4,0
motor_11,121,82.85,13.27,1799.14,16.47,0
motor_11,122,86.43,13.24,1797.37,16.29,0
motor_11,123,84.87,14.23,1797.25,16.49,0
motor_11,124,83.65,12.78,1798.64,16.29,0
motor_11,125,83.04,13.16,1796.25,17.04,0
motor_11,126,83.54,13.17,1799.55,16.64,0
motor_11,127,82.76,13.43,1790.75,16.43,0
motor_11,128,83.23,13.93,1791.31,16.53,0
motor_11,129,84.19,13.62,1796.25,16.38,0
motor_11,130,84.19,14.09,1802.44,16.53,0
motor_11,131,82.99,13.25,1797.55,16.17,0
motor_11,132,85.93,13.54,1785.15,16.47,0
motor_11,133,85.29,14.6,1794.23,16.5,0
motor_11,134,86.27,14.7,1798.86,16.42,0
motor_11,135,85.8,13.6,1790.41,16.85,0
motor_11,136,87.81,14.4,1784.48,16.31,0
motor_11,137,84.99,13.38,1790.83,16.65,0
motor_11,138,83.95,13.44,1794.37,16.41,0
motor_11,139,86.49,13.98,1784.55,16.28,0
motor_11,140,85.58,13.28,1784.0,16.66,0
motor_11,141,84.51,13.75,1788.0,16.47,0
motor_11,142,86.32,14.98,1785.54,16.7,0
motor_11,143,86.62,13.06,1801.29,16.56,0
motor_11,144,84.11,14.89,1792.61,16.6,0
motor_11,145,85.99,13.38,1784.04,16.43,0
motor_11,146,87.46,16.41,1787.88,16.58,0
motor_11,147,88.75,14.18,1800.13,16.66,0
motor_11,148,86.11,15.86,1799.23,16.57,0
motor_11,149,85.54,15.68,1788.05,16.63,0
motor_11,150,86.3,14.96,1785.57,16.67,0
motor_11,151,85.95,13.47,1782.74,16.77,0
motor_11,152,88.21,15.33,1791.1,16.69,0
motor_11,153,87.84,15.51,1792.47,16.55,0
motor_11,154,86.85,15.26,1785.53,16.87,0
motor_11,155,84.87,16.45,1780.2,16.8,0
motor_11,156,87.04,15.5,1785.9,16.53,0
motor_11,157,83.93,13.28,1793.65,17.0,0
motor_11,158,92.62,15.54,1787.16,16.61,0
motor_11,159,87.54,14.65,1784.84,17.1,0
motor_11,160,89.15,15.38,1790.53,16.91,0
motor_11,161,86.91,15.43,1792.81,16.85,0
motor_11,162,91.52,14.17,1789.59,16.81,0
motor_11,163,88.15,15.37,1796.72,17.13,0
motor_11,164,88.39,15.9,1786.81,16.95,0
motor_11,165,88.15,18.26,1790.74,16.66,0
motor_11,166,91.59,15.42,1784.18,16.95,0
motor_11,167,91.58,15.7,1787.35,17.01,0
motor_11,168,89.72,14.75,1788.63,16.69,0
motor_11,169,89.02,14.98,1796.66,17.11,0
motor_11,170,91.21,18.16,1785.0,16.78,0
motor_11,171,90.78,15.09,1783.48,17.11,0
motor_11,172,88.07,17.39,1790.39,17.27,0
motor_11,173,91.23,17.38,1783.38,16.96,0
motor_11,174,90.37,17.02,1793.17,17.36,0
motor_11,175,91.92,16.34,1770.64,17.17,0
motor_11,176,90.24,16.86,1788.26,16.71,0
motor_11,177,92.01,17.49,1785.89,17.3,0
motor_11,178,91.25,17.81,1785.11,16.97,0
motor_11,179,90.07,17.25,1789.21,17.48,0
motor_11,180,89.59,16.57,1788.74,16.79,0
motor_11,181,89.24,16.44,1784.63,16.91,0
motor_11,182,89.82,18.04,1787.39,16.89,0
motor_11,183,89.97,16.54,1777.7,17.12,0
motor_11,184,92.59,17.22,1784.83,17.13,0
motor_11,185,89.29,16.24,1781.7,16.84,0
motor_11,186,90.48,18.66,1782.81,16.83,0
motor_11,187,88.37,18.57,1776.02,16.93,0
motor_11,188,92.45,18.34,1789.24,16.68,0
motor_11,189,91.94,17.62,1780.62,16.95,0
motor_11,190,91.71,19.11,1786.87,16.86,0
motor_11,191,93.36,17.61,1778.46,16.68,0
motor_11,192,91.88,18.19,1790.26,17.28,0
motor_11,193,92.51,18.23,1788.08,17.35,0
motor_11,194,94.23,17.87,1785.86,17.17,0
motor_11,195,93.02,18.89,1781.32,17.49,0
motor_11,196,92.37,18.16,1783.6,17.06,0
motor_11,197,92.49,18.71,1779.79,17.01,0
motor_11,198,94.43,17.42,1779.86,17.36,0
motor_11,199,94.82,17.98,1778.47,17.31,0
motor_11,200,93.22,18.66,1777.77,17.16,0
motor_11,201,94.81,16.71,1774.68,17.31,0
motor_11,202,93.44,19.41,1777.35,17.39,0
motor_11,203,93.1,21.39,1784.19,17.36,0
motor_11,204,95.13,18.01,1774.89,17.2,0
motor_11,205,93.33,18.94,1772.97,17.26,0
motor_11,206,93.14,18.08,1774.82,17.25,0
motor_11,207,93.62,19.99,1765.9,17.6,0
motor_11,208,92.14,20.77,1768.48,17.09,0
motor_11,209,92.85,18.64,1783.82,17.17,0
motor_11,210,92.39,19.44,1780.99,17.58,0
motor_11,211,94.66,20.03,1778.39,17.51,0
motor_11,212,95.39,20.48,1778.74,17.39,0
motor_11,213,95.42,18.79,1770.92,17.47,0
motor_11,214,96.0,19.6,1769.37,17.59,0
motor_11,215,93.61,20.59,1775.05,17.59,0
motor_11,216,93.35,20.97,1766.31,17.22,0
motor_11,217,95.96,20.44,1773.32,17.17,0
motor_11,218,95.87,19.58,1770.91,17.47,0
motor_11,219,92.23,20.18,1767.65,17.57,0
motor_11,220,94.52,20.37,1765.37,17.32,0
motor_11,221,95.11,20.23,1766.95,17.38,0
motor_11,222,96.62,21.52,1768.08,17.44,0
motor_11,223,95.39,21.2,1773.59,17.67,0
motor_11,224,95.39,20.41,1761.93,17.33,0
motor_11,225,96.36,20.41,1771.33,17.35,0
motor_11,226,97.8,21.19,1761.51,17.63,0
motor_11,227,97.03,20.45,1764.13,17.5,0
motor_11,228,96.69,20.78,1765.82,17.23,0
motor_11,229,97.55,21.22,1762.79,17.22,0
motor_11,230,95.65,22.21,1765.88,17.66,0
motor_11,231,96.27,21.71,1756.41,17.62,0
motor_11,232,94.99,22.72,1776.54,17.57,0
motor_11,233,96.62,21.57,1757.04,17.53,0
motor_11,234,99.41,21.88,1768.27,17.64,0
motor_11,235,98.27,21.91,1758.6,17.86,0
motor_11,236,97.14,21.72,1762.56,17.15,0
motor_11,237,95.8,22.07,1763.42,17.76,0
motor_11,238,95.33,23.21,1755.92,17.91,0
motor_11,239,98.25,22.38,1769.13,17.52,0
motor_11,240,95.67,23.95,1765.57,17.58,0
motor_11,241,96.75,23.05,1765.1,18.03,0
motor_11,242,96.42,22.2,1758.08,17.97,0
motor_11,243,98.43,22.94,1755.45,17.67,0
motor_11,244,97.71,22.7,1756.61,17.79,0
motor_11,245,95.86,21.83,1762.42,18.05,0
motor_11,246,97.39,22.3,1753.62,17.89,0
motor_11,247,100.74,24.66,1759.24,17.88,0
motor_11,248,99.13,24.43,1771.31,17.68,0
motor_11,249,100.85,23.16,1757.33,17.76,0
motor_11,250,97.05,22.11,1763.2,17.83,0
motor_11,251,96.86,23.32,1763.35,17.75,0
motor_11,252,96.54,24.3,1751.95,17.91,0
motor_11,253,97.58,23.31,1757.34,17.86,0
motor_11,254,102.12,24.24,1759.06,17.87,0
motor_11,255,99.17,25.18,1756.6,17.89,0
motor_11,256,97.71,23.71,1759.91,18.09,0
motor_11,257,99.52,24.02,1758.28,17.81,0
motor_11,258,100.06,23.62,1760.4,17.85,0
motor_11,259,99.97,26.17,1755.83,17.84,0
motor_11,260,100.22,25.01,1756.73,18.16,0
motor_11,261,98.67,24.51,1759.69,17.83,0
motor_11,262,99.25,25.39,1749.4,18.23,1
motor_12,1,71.81,11.11,1793.25,15.1,0
motor_12,2,68.31,9.62,1803.46,15.13,0
motor_12,3,68.86,9.88,1804.7,15.29,0
motor_12,4,70.61,11.34,1792.66,14.78,0
motor_12,5,70.82,8.55,1803.14,14.96,0
motor_12,6,72.33,11.21,1797.13,15.12,0
motor_12,7,69.57,9.31,1807.89,15.22,0
motor_12,8,71.34,9.91,1806.97,14.81,0
motor_12,9,71.98,9.82,1797.32,14.92,0
motor_12,10,70.16,8.7,1800.41,15.2,0
motor_12,11,74.19,8.72,1799.72,15.12,0
motor_12,12,72.05,9.82,1793.51,15.08,0
motor_12,13,71.41,9.85,1806.65,15.68,0
motor_12,14,71.31,10.37,1802.4,15.21,0
motor_12,15,74.1,10.76,1802.96,15.42,0
motor_12,16,74.3,10.04,1809.5,15.37,0
motor_12,17,70.41,9.31,1804.98,15.42,0
motor_12,18,73.64,10.52,1801.36,15.43,0
motor_12,19,72.96,9.36,1796.19,15.29,0
motor_12,20,73.87,9.62,1800.17,15.09,0
motor_12,21,75.32,8.73,1802.36,14.99,0
motor_12,22,73.93,9.81,1800.08,15.56,0
motor_12,23,74.26,9.74,1803.63,15.0,0
motor_12,24,72.55,11.26,1796.86,15.66,0
motor_12,25,74.31,10.67,1800.67,15.38,0
motor_12,26,73.63,9.97,1796.19,15.51,0
motor_12,27,73.33,10.21,1803.32,15.34,0
motor_12,28,75.3,10.4,1794.75,15.42,0
motor_12,29,74.94,10.28,1808.19,15.51,0
motor_12,30,75.14,10.94,1798.42,15.4,0
motor_12,31,74.04,10.41,1801.47,15.66,0
motor_12,32,73.82,12.37,1802.83,15.57,0
motor_12,33,73.59,11.42,1799.61,15.65,0
motor_12,34,72.46,9.49,1792.51,15.57,0
motor_12,35,74.39,11.76,1801.57,15.62,0
motor_12,36,74.49,9.62,1800.0,15.78,0
motor_12,37,73.71,9.23,1806.42,15.56,0
motor_12,38,76.28,9.32,1801.13,15.6,0
motor_12,39,74.17,9.98,1796.49,15.48,0
motor_12,40,73.57,11.07,1799.91,15.58,0
motor_12,41,75.78,10.69,1799.34,15.77,0
motor_12,42,76.85,10.88,1787.64,15.52,0
motor_12,43,73.88,10.01,1798.43,15.41,0
motor_12,44,75.37,9.98,1791.87,15.55,0
motor_12,45,76.02,10.01,1797.19,15.32,0
motor_12,46,77.67,10.34,1789.92,15.77,0
motor_12,47,79.23,10.41,1789.96,15.94,0
motor_12,48,77.32,10.11,1795.6,15.89,0
motor_12,49,76.16,10.37,1794.75,15.61,0
motor_12,50,75.29,9.98,1802.6,15.72,0
motor_12,51,77.43,8.76,1811.79,15.76,0
motor_12,52,76.84,10.49,1792.89,15.61,0
motor_12,53,78.05,12.0,1797.06,15.94,0
motor_12,54,76.95,10.33,1799.8,15.8,0
motor_12,55,75.39,9.79,1805.03,16.09,0
motor_12,56,77.55,10.87,1794.12,15.86,0
motor_12,57,79.13,9.47,1794.57,15.66,0
motor_12,58,77.74,11.7,1799.85,15.59,0
motor_12,59,82.75,12.7,1790.21,15.74,0
motor_12,60,75.64,12.64,1804.52,15.77,0
motor_12,61,78.62,11.7,1802.24,16.08,0
motor_12,62,79.13,11.12,1805.53,16.08,0
motor_12,63,78.65,11.17,1793.61,16.07,0
motor_12,64,82.18,11.17,1801.81,15.6,0
motor_12,65,78.13,11.71,1789.97,15.54,0
motor_12,66,78.13,10.78,1794.67,16.05,0
motor_12,67,81.12,10.81,1806.27,15.83,0
motor_12,68,77.52,11.0,1808.85,15.97,0
motor_12,69,77.5,11.82,1800.56,16.16,0
motor_12,70,77.45,11.94,1805.0,15.52,0
motor_12,71,79.79,12.7,1798.09,15.98,0
motor_12,72,80.39,12.24,1800.2,16.26,0
motor_12,73,80.32,12.04,1796.7,15.83,0
motor_12,74,80.66,12.58,1807.05,15.45,0
motor_12,75,80.84,12.23,1797.98,15.78,0
motor_12,76,78.35,10.89,1804.46,15.98,0
motor_12,77,80.55,11.46,1798.91,16.26,0
motor_12,78,80.65,11.69,1799.89,15.91,0
motor_12,79,81.72,12.06,1802.93,15.71,0
motor_12,80,82.12,12.64,1792.63,16.35,0
motor_12,81,80.85,12.36,1801.84,16.26,0
motor_12,82,81.43,11.1,1798.36,16.14,0
motor_12,83,82.7,13.13,1806.73,15.89,0
motor_12,84,81.95,12.01,1799.9,16.56,0
motor_12,85,80.72,12.27,1791.25,15.89,0
motor_12,86,83.82,13.4,1799.15,16.1,0
motor_12,87,80.68,11.42,1801.52,15.98,0
motor_12,88,79.81,13.55,1797.68,16.32,0
motor_12,89,84.37,11.67,1802.13,16.03,0
motor_12,90,82.93,13.14,1791.53,16.22,0
motor_12,91,78.54,11.52,1792.11,15.81,0
motor_12,92,83.54,14.41,1797.33,16.45,0
motor_12,93,82.1,13.03,1794.19,16.44,0
motor_12,94,83.9,13.41,1797.1,16.61,0
motor_12,95,82.57,13.14,1797.27,16.58,0
motor_12,96,83.28,11.98,1789.47,16.32,0
motor_12,97,84.27,13.52,1794.94,16.02,0
motor_12,98,83.34,13.02,1786.75,16.45,0
motor_12,99,80.31,12.58,1792.16,16.11,0
motor_12,100,82.99,13.66,1790.55,16.27,0
motor_12,101,84.08,12.94,1788.69,16.14,0
motor_12,102,82.92,13.42,1796.53,16.46,0
motor_12,103,84.37,13.58,1792.04,16.57,0
motor_12,104,85.02,13.23,1793.16,16.12,0
motor_12,105,82.92,12.46,1784.52,16.54,0
motor_12,106,85.63,13.38,1794.28,16.57,0
motor_12,107,84.33,14.63,1798.5,16.63,0
motor_12,108,86.32,14.01,1793.68,16.48,0
motor_12,109,86.44,14.0,1789.35,16.63,0
motor_12,110,83.87,13.17,1796.63,16.68,0
motor_12,111,85.52,15.51,1792.13,16.68,0
motor_12,112,86.16,13.79,1791.24,16.56,0
motor_12,113,85.61,14.55,1782.49,16.67,0
motor_12,114,85.95,13.07,1793.72,16.61,0
motor_12,115,86.21,14.98,1784.57,16.54,0
motor_12,116,87.75,13.89,1792.16,16.47,0
motor_12,117,87.37,13.3,1791.31,16.74,0
motor_12,118,87.35,15.12,1790.54,16.37,0
motor_12,119,86.94,13.33,1782.16,16.38,0
motor_12,120,85.82,14.64,1786.22,16.38,0
motor_12,121,84.48,14.42,1791.79,16.67,0
motor_12,122,89.05,14.96,1788.91,17.06,0
motor_12,123,87.6,15.37,1787.82,17.19,0
motor_12,124,85.78,15.23,1790.14,16.76,0
motor_12,125,85.41,16.24,1794.53,17.15,0
motor_12,126,87.85,15.56,1786.84,17.0,0
motor_12,127,87.87,16.05,1787.82,17.06,0
motor_12,128,85.54,15.25,1789.38,17.14,0
motor_12,129,88.16,15.92,1798.38,16.88,0
motor_12,130,87.29,14.5,1789.35,16.99,0
motor_12,131,85.69,16.44,1791.97,16.74,0
motor_12,132,86.72,16.3,1793.15,16.72,0
motor_12,133,88.98,15.66,1786.0,16.72,0
motor_12,134,90.57,17.2,1789.49,16.83,0
motor_12,135,89.72,16.5,1791.36,16.61,0
motor_12,136,88.64,15.71,1782.96,16.73,0
motor_12,137,89.44,16.07,1779.82,16.91,0
motor_12,138,89.25,16.79,1790.3,17.21,0
motor_12,139,88.93,17.07,1785.89,16.48,0
motor_12,140,90.01,15.9,1786.83,16.63,0
motor_12,141,91.4,17.81,1788.0,16.56,0
motor_12,142,88.93,17.69,1785.74,17.24,0
motor_12,143,89.55,17.22,1778.79,16.97,0
motor_12,144,91.94,16.68,1780.58,16.85,0
motor_12,145,88.88,15.0,1788.31,16.97,0
motor_12,146,92.24,17.8,1783.67,16.87,0
motor_12,147,89.17,17.2,1790.84,16.65,0
motor_12,148,89.83,17.58,1786.43,17.22,0
motor_12,149,92.54,18.39,1788.0,17.07,0
motor_12,150,89.42,16.38,1779.86,17.43,0
motor_12,151,88.98,18.09,1788.4,17.12,0
motor_12,152,90.16,17.41,1775.56,17.29,0
motor_12,153,90.05,16.4,1789.23,17.01,0
motor_12,154,91.25,18.04,1772.31,17.28,0
motor_12,155,92.85,17.78,1777.85,17.38,0
motor_12,156,92.08,16.93,1774.95,17.35,0
motor_12,157,94.48,18.59,1783.87,17.26,0
motor_12,158,92.43,17.52,1782.82,17.31,0
motor_12,159,93.48,18.07,1786.95,17.13,0
motor_12,160,92.2,18.76,1775.01,17.16,0
motor_12,161,91.24,17.77,1781.57,17.64,0
motor_12,162,94.39,18.88,1788.18,17.13,0
motor_12,163,89.8,20.13,1777.26,16.97,0
motor_12,164,93.93,18.59,1780.97,17.15,0
motor_12,165,90.17,18.74,1784.68,17.12,0
motor_12,166,93.35,18.15,1772.95,17.52,0
motor_12,167,94.15,19.43,1782.27,17.26,0
motor_12,168,91.02,18.01,1777.32,17.13,0
motor_12,169,95.5,20.13,1780.31,17.61,0
motor_12,170,98.38,20.43,1782.24,17.5,0
motor_12,171,92.02,19.04,1773.29,17.16,0
motor_12,172,93.66,21.08,1779.78,17.17,0
motor_12,173,93.4,20.19,1781.52,17.17,0
motor_12,174,93.42,19.14,1773.05,17.63,0
motor_12,175,94.77,21.04,1775.12,17.62,0
motor_12,176,94.11,19.15,1769.65,17.49,0
motor_12,177,97.46,20.88,1775.3,17.71,0
motor_12,178,93.77,19.66,1765.47,17.71,0
motor_12,179,95.07,20.64,1774.2,17.45,0
motor_12,180,95.13,18.86,1781.35,17.32,0
motor_12,181,93.55,19.45,1768.27,17.4,0
motor_12,182,94.55,21.15,1772.51,17.62,0
motor_12,183,93.62,20.97,1762.79,17.54,0
motor_12,184,97.41,21.56,1781.14,17.33,0
motor_12,185,96.62,22.27,1773.78,17.65,0
motor_12,186,95.42,21.88,1768.48,17.73,0
motor_12,187,95.01,21.61,1771.4,17.2,0
motor_12,188,96.23,21.57,1763.04,17.87,0
motor_12,189,98.21,22.07,1763.22,17.26,0
motor_12,190,95.01,22.17,1773.65,17.5,0
motor_12,191,97.52,21.23,1763.21,17.66,0
motor_12,192,97.42,21.85,1759.7,17.77,0
motor_12,193,98.56,21.18,1766.95,17.8,0
motor_12,194,97.56,22.33,1764.85,18.05,0
motor_12,195,95.84,22.57,1762.42,17.8,0
motor_12,196,97.09,21.33,1758.05,17.56,0
motor_12,197,98.93,22.24,1760.12,17.82,0
motor_12,198,96.72,23.4,1759.19,17.72,0
motor_12,199,96.97,21.69,1757.7,17.87,0
motor_12,200,98.84,24.43,1762.59,17.83,0
motor_12,201,96.36,23.35,1758.12,17.96,0
motor_12,202,100.31,23.03,1760.37,17.88,0
motor_12,203,97.89,22.64,1753.64,17.67,0
motor_12,204,97.46,23.16,1765.4,18.22,0
motor_12,205,99.32,23.83,1762.0,17.59,0
motor_12,206,97.84,23.28,1761.27,17.87,0
motor_12,207,98.25,23.44,1757.74,18.16,0
motor_12,208,99.66,24.02,1748.78,18.15,0
motor_12,209,99.01,23.49,1752.99,18.31,0
motor_12,210,95.48,23.79,1749.14,17.83,0
motor_12,211,101.63,24.15,1751.68,17.72,0
motor_12,212,101.74,23.61,1748.59,17.83,0
motor_12,213,101.44,24.22,1752.61,17.67,0
motor_12,214,104.08,24.95,1750.7,17.87,1
motor_13,1,71.32,8.81,1793.72,15.43,0
motor_13,2,70.6,9.99,1796.87,14.83,0
motor_13,3,67.82,11.53,1797.46,15.08,0
motor_13,4,69.94,10.76,1801.52,15.08,0
motor_13,5,71.54,9.25,1800.7,15.05,0
motor_13,6,70.97,8.98,1796.05,15.24,0
motor_13,7,67.04,10.65,1804.32,15.04,0
motor_13,8,73.63,8.67,1792.21,15.07,0
motor_13,9,72.33,8.16,1800.52,15.15,0
motor_13,10,67.51,10.07,1800.66,14.84,0
motor_13,11,69.7,9.83,1796.7,15.26,0
motor_13,12,73.81,10.3,1803.51,15.32,0
motor_13,13,71.58,10.53,1795.51,15.34,0
motor_13,14,72.75,9.63,1797.66,14.72,0
motor_13,15,71.24,11.14,1803.68,15.06,0
motor_13,16,72.62,11.03,1794.21,14.78,0
motor_13,17,74.83,9.35,1792.88,15.2,0
motor_13,18,72.6,11.15,1799.3,15.16,0
motor_13,19,72.36,10.5,1790.99,15.18,0
motor_13,20,74.04,9.68,1801.2,15.39,0
motor_13,21,73.35,10.49,1794.07,15.33,0
motor_13,22,71.81,10.3,1805.72,15.53,0
motor_13,23,70.64,11.12,1795.94,15.04,0
motor_13,24,72.48,10.3,1797.7,15.58,0
motor_13,25,72.48,10.44,1800.3,15.18,0
motor_13,26,69.12,10.67,1799.55,15.05,0
motor_13,27,69.89,10.71,1804.27,15.38,0
motor_13,28,73.11,9.85,1807.49,15.59,0
motor_13,29,75.7,9.62,1802.18,15.38,0
motor_13,30,75.59,9.96,1795.76,15.38,0
motor_13,31,76.62,10.37,1796.85,15.58,0
motor_13,32,74.76,11.08,1800.9,15.42,0
motor_13,33,74.29,10.95,1793.42,15.35,0
motor_13,34,73.6,10.85,1800.11,15.45,0
motor_13,35,73.46,10.53,1798.07,15.84,0
motor_13,36,72.21,11.2,1803.33,15.33,0
motor_13,37,72.92,9.19,1802.21,15.1,0
motor_13,38,78.31,12.15,1802.92,15.43,0
motor_13,39,74.95,10.3,1804.23,15.28,0
motor_13,40,74.55,10.19,1798.31,15.26,0
motor_13,41,75.37,10.58,1791.16,15.64,0
motor_13,42,79.16,10.49,1800.49,15.68,0
motor_13,43,73.11,10.0,1806.52,15.28,0
motor_13,44,76.46,10.96,1797.38,15.65,0
motor_13,45,72.34,9.45,1797.62,15.54,0
motor_13,46,76.25,10.17,1802.8,15.34,0
motor_13,47,74.09,9.77,1804.04,15.61,0
motor_13,48,75.34,10.88,1795.71,15.74,0
motor_13,49,75.97,11.13,1790.07,15.79,0
motor_13,50,75.46,10.05,1802.56,16.02,0
motor_13,51,75.84,10.93,1798.16,15.64,0
motor_13,52,76.74,9.29,1803.67,15.2,0
motor_13,53,76.58,10.45,1799.51,15.92,0
motor_13,54,77.07,9.96,1796.56,15.45,0
motor_13,55,75.26,10.6,1802.55,15.74,0
motor_13,56,76.28,12.02,1792.08,15.69,0
motor_13,57,75.8,10.96,1801.94,15.81,0
motor_13,58,76.63,12.58,1798.06,15.63,0
motor_13,59,76.19,11.84,1803.49,15.79,0
motor_13,60,78.52,9.03,1801.34,15.91,0
motor_13,61,76.11,10.78,1805.01,15.59,0
motor_13,62,76.98,11.12,1805.16,15.96,0
motor_13,63,77.11,11.1,1794.28,15.42,0
motor_13,64,77.82,10.32,1803.13,15.91,0
motor_13,65,78.56,11.38,1797.33,15.66,0
motor_13,66,78.06,10.72,1801.09,15.63,0
motor_13,67,78.28,11.97,1795.85,15.45,0
motor_13,68,78.64,11.46,1795.95,15.99,0
motor_13,69,75.29,11.95,1807.16,16.17,0
motor_13,70,80.38,10.81,1799.17,15.87,0
motor_13,71,79.13,11.55,1788.33,15.92,0
motor_13,72,77.76,10.22,1793.7,15.71,0
motor_13,73,77.57,12.22,1796.03,15.88,0
motor_13,74,77.66,10.49,1794.16,15.6,0
motor_13,75,78.32,10.72,1805.84,15.85,0
motor_13,76,77.92,12.59,1797.85,15.85,0
motor_13,77,80.78,10.81,1805.14,16.51,0
motor_13,78,78.9,10.28,1795.06,15.58,0
motor_13,79,78.95,10.79,1800.3,16.14,0
motor_13,80,77.76,13.03,1805.51,16.33,0
motor_13,81,82.3,11.25,1794.54,15.94,0
motor_13,82,76.59,11.26,1803.56,16.1,0
motor_13,83,79.19,11.89,1801.13,16.38,0
motor_13,84,79.03,11.19,1809.07,15.92,0
motor_13,85,79.02,11.87,1794.82,15.77,0
motor_13,86,81.48,10.76,1789.04,15.84,0
motor_13,87,79.01,10.68,1807.97,15.58,0
motor_13,88,81.84,12.61,1791.2,16.2,0
motor_13,89,82.47,11.26,1795.36,15.88,0
motor_13,90,79.36,12.56,1798.51,15.68,0
motor_13,91,81.61,12.49,1790.21,16.13,0
motor_13,92,79.89,12.24,1797.0,16.12,0
motor_13,93,80.21,10.71,1787.86,16.09,0
motor_13,94,79.23,12.05,1797.03,16.1,0
motor_13,95,79.14,11.92,1790.69,16.12,0
motor_13,96,80.07,12.82,1791.53,15.95,0
motor_13,97,79.72,10.95,1794.88,15.77,0
motor_13,98,81.55,12.53,1797.39,15.92,0
motor_13,99,83.0,12.56,1795.36,16.33,0
motor_13,100,81.06,10.9,1797.19,16.16,0
motor_13,101,81.07,12.39,1793.78,16.25,0
motor_13,102,80.0,13.45,1798.55,16.34,0
motor_13,103,81.32,12.78,1804.76,15.94,0
motor_13,104,82.28,11.94,1809.43,16.42,0
motor_13,105,84.14,12.72,1787.36,16.48,0
motor_13,106,81.57,12.31,1790.56,16.21,0
motor_13,107,81.79,11.51,1800.59,16.2,0
motor_13,108,81.82,12.21,1799.56,16.51,0
motor_13,109,81.46,12.62,1795.53,16.34,0
motor_13,110,83.8,12.39,1803.69,16.74,0
motor_13,111,82.86,12.14,1800.88,16.61,0
motor_13,112,82.58,13.67,1796.18,16.53,0
motor_13,113,83.59,12.2,1803.34,16.51,0
motor_13,114,85.15,12.39,1797.1,16.49,0
motor_13,115,83.29,13.11,1795.16,16.44,0
motor_13,116,82.27,14.82,1799.07,16.71,0
motor_13,117,83.74,12.9,1788.87,16.34,0
motor_13,118,86.0,12.79,1799.88,16.17,0
motor_13,119,85.82,13.8,1800.43,16.28,0
motor_13,120,84.54,13.51,1794.59,16.47,0
motor_13,121,86.46,12.62,1792.3,16.68,0
motor_13,122,86.77,12.53,1793.8,16.7,0
motor_13,123,85.34,13.21,1801.57,16.42,0
motor_13,124,85.39,13.29,1790.47,16.52,0
motor_13,125,82.97,14.27,1791.24,16.18,0
motor_13,126,84.8,14.85,1789.1,16.36,0
motor_13,127,85.49,13.25,1792.87,16.31,0
motor_13,128,86.34,14.82,1790.04,16.18,0
motor_13,129,86.59,13.7,1796.95,16.5,0
motor_13,130,82.69,15.1,1785.67,16.25,0
motor_13,131,87.28,14.6,1790.32,16.46,0
motor_13,132,84.5,14.23,1795.96,16.37,0
motor_13,133,87.39,14.64,1792.48,16.08,0
motor_13,134,84.52,14.37,1791.43,16.68,0
motor_13,135,89.52,13.23,1789.9,16.44,0
motor_13,136,85.17,13.87,1794.94,16.64,0
motor_13,137,87.88,14.1,1800.25,16.5,0
motor_13,138,85.17,13.98,1783.1,16.4,0
motor_13,139,87.57,14.16,1792.79,16.18,0
motor_13,140,86.9,14.26,1795.38,16.57,0
motor_13,141,86.91,14.02,1802.13,16.51,0
motor_13,142,85.86,15.44,1785.84,16.54,0
motor_13,143,87.22,14.83,1782.66,16.89,0
motor_13,144,86.69,14.46,1786.78,16.89,0
motor_13,145,84.41,14.47,1788.91,16.96,0
motor_13,146,86.48,15.32,1781.26,16.58,0
motor_13,147,87.31,15.57,1788.74,16.64,0
motor_13,148,88.01,16.12,1791.91,16.86,0
motor_13,149,86.85,15.27,1788.9,16.97,0
motor_13,150,88.62,13.79,1788.48,16.82,0
motor_13,151,90.4,15.82,1782.14,16.8,0
motor_13,152,87.09,15.05,1790.3,16.69,0
motor_13,153,86.72,14.76,1788.04,16.67,0
motor_13,154,87.7,15.42,1783.83,16.99,0
motor_13,155,87.4,14.44,1788.32,17.13,0
motor_13,156,87.42,14.46,1794.58,16.97,0
motor_13,157,88.48,16.8,1795.56,16.65,0
motor_13,158,89.29,15.56,1789.41,16.95,0
motor_13,159,91.3,17.04,1787.93,16.31,0
motor_13,160,89.84,16.65,1788.44,16.64,0
motor_13,161,85.91,16.01,1791.84,16.7,0
motor_13,162,87.26,16.42,1783.13,16.93,0
motor_13,163,89.11,15.28,1788.83,17.18,0
motor_13,164,89.55,15.21,1781.38,16.82,0
motor_13,165,89.73,15.54,1780.83,16.89,0
motor_13,166,89.75,15.8,1798.97,16.63,0
motor_13,167,89.62,15.31,1792.77,16.89,0
motor_13,168,88.64,17.28,1792.17,17.22,0
motor_13,169,90.64,16.91,1790.13,17.11,0
motor_13,170,89.86,17.58,1792.94,16.85,0
motor_13,171,87.73,16.93,1783.45,17.24,0
motor_13,172,90.45,16.06,1793.75,17.07,0
motor_13,173,86.94,18.32,1790.34,17.13,0
motor_13,174,91.84,16.37,1781.23,17.05,0
motor_13,175,90.46,17.86,1783.84,17.06,0
motor_13,176,89.12,17.06,1787.97,17.28,0
motor_13,177,87.78,17.42,1784.37,17.41,0
motor_13,178,90.19,16.46,1782.89,17.11,0
motor_13,179,89.84,17.17,1774.09,17.5,0
motor_13,180,92.16,17.06,1782.43,17.12,0
motor_13,181,89.64,17.83,1780.81,16.68,0
motor_13,182,93.21,17.65,1777.03,16.86,0
motor_13,183,90.88,18.2,1780.6,17.32,0
motor_13,184,86.86,17.41,1779.22,17.3,0
motor_13,185,94.62,17.98,1784.7,17.03,0
motor_13,186,93.91,17.99,1776.33,17.02,0
motor_13,187,92.56,18.05,1778.04,17.12,0
motor_13,188,91.98,18.19,1774.9,17.32,0
motor_13,189,91.84,17.37,1781.82,17.23,0
motor_13,190,92.61,16.92,1769.79,17.3,0
motor_13,191,94.09,18.95,1776.42,17.09,0
motor_13,192,91.91,18.17,1771.52,17.4,0
motor_13,193,89.86,20.64,1787.23,17.33,0
motor_13,194,91.77,18.08,1780.69,17.49,0
motor_13,195,90.36,17.59,1777.48,17.45,0
motor_13,196,95.47,18.71,1767.26,17.12,0
motor_13,197,91.33,18.41,1776.78,17.16,0
motor_13,198,94.44,20.84,1773.54,17.34,0
motor_13,199,93.74,18.05,1778.39,17.3,0
motor_13,200,96.59,19.67,1780.52,17.47,0
motor_13,201,92.67,19.13,1777.29,16.83,0
motor_13,202,94.86,19.23,1785.01,17.44,0
motor_13,203,96.15,19.34,1775.49,17.56,0
motor_13,204,91.97,19.83,1773.12,17.16,0
motor_13,205,94.1,18.72,1770.57,17.38,0
motor_13,206,95.73,19.72,1772.2,17.39,0
motor_13,207,95.04,19.81,1771.96,17.68,0
motor_13,208,95.38,19.76,1778.7,17.11,0
motor_13,209,93.8,20.73,1765.79,17.79,0
motor_13,210,96.92,20.9,1772.24,17.63,0
motor_13,211,96.01,20.28,1772.32,17.75,0
motor_13,212,92.5,19.21,1771.4,17.8,0
motor_13,213,95.08,19.74,1771.58,17.61,0
motor_13,214,94.65,21.49,1769.78,17.8,0
motor_13,215,98.1,20.79,1767.43,17.43,0
motor_13,216,95.75,19.67,1763.0,17.64,0
motor_13,217,95.24,20.85,1772.97,17.4,0
motor_13,218,93.41,20.89,1776.56,17.13,0
motor_13,219,95.17,20.96,1767.46,17.72,0
motor_13,220,95.39,21.35,1766.54,17.49,0
motor_13,221,95.61,20.66,1770.17,17.47,0
motor_13,222,96.77,21.41,1772.06,17.88,0
motor_13,223,95.78,19.51,1757.43,17.78,0
motor_13,224,96.84,20.93,1762.95,17.93,0
motor_13,225,97.82,21.95,1767.02,17.64,0
motor_13,226,98.28,22.34,1761.47,17.64,0
motor_13,227,97.8,23.0,1765.92,17.55,0
motor_13,228,96.79,20.34,1770.4,17.66,0
motor_13,229,96.98,23.3,1769.95,17.75,0
motor_13,230,97.76,21.67,1769.01,17.92,0
motor_13,231,97.83,21.96,1767.3,17.77,0
motor_13,232,96.17,23.12,1769.62,17.61,0
motor_13,233,98.45,21.5,1757.6,17.88,0
motor_13,234,100.26,23.46,1762.17,17.43,0
motor_13,235,96.18,22.93,1758.77,17.96,0
motor_13,236,97.2,25.1,1764.33,17.9,0
motor_13,237,97.73,22.44,1760.17,17.63,0
motor_13,238,97.05,24.02,1751.99,17.33,0
motor_13,239,100.74,22.83,1760.67,17.9,0
motor_13,240,96.51,24.51,1750.77,17.41,0
motor_13,241,97.22,22.42,1757.82,17.86,0
motor_13,242,97.43,23.04,1762.02,17.63,0
motor_13,243,98.8,23.36,1753.99,18.28,0
motor_13,244,97.62,24.31,1757.53,18.08,0
motor_13,245,96.97,24.8,1750.63,17.64,0
motor_13,246,97.48,23.67,1749.12,18.14,0
motor_13,247,99.66,23.84,1758.61,17.79,0
motor_13,248,98.96,23.55,1754.39,17.81,0
motor_13,249,99.82,23.86,1754.75,17.71,0
motor_13,250,98.18,23.92,1748.1,17.93,0
motor_13,251,98.44,24.72,1756.13,18.05,0
motor_13,252,100.46,24.53,1753.29,17.93,0
motor_13,253,100.16,22.94,1749.87,18.1,0
motor_13,254,101.99,25.28,1750.84,17.68,0
motor_13,255,97.0,23.65,1744.61,18.32,1
motor_14,1,70.28,9.84,1800.37,15.36,0
motor_14,2,68.85,10.38,1797.33,14.8,0
motor_14,3,70.06,9.53,1796.58,14.81,0
motor_14,4,70.05,8.65,1801.81,14.87,0
motor_14,5,71.77,9.51,1792.25,15.36,0
motor_14,6,72.58,10.5,1804.32,15.28,0
motor_14,7,67.2,10.43,1794.45,14.94,0
motor_14,8,68.82,9.06,1810.73,14.96,0
motor_14,9,71.91,10.0,1802.6,14.92,0
motor_14,10,73.02,9.93,1802.97,14.96,0
motor_14,11,72.76,10.2,1798.72,15.3,0
motor_14,12,71.75,10.48,1797.39,15.17,0
motor_14,13,75.33,10.41,1801.42,15.35,0
motor_14,14,73.23,8.41,1804.2,15.17,0
motor_14,15,71.81,8.99,1789.36,15.24,0
motor_14,16,74.73,9.51,1804.13,15.03,0
motor_14,17,69.96,10.05,1806.78,15.19,0
motor_14,18,75.21,10.42,1803.78,15.08,0
motor_14,19,71.94,10.68,1791.65,15.42,0
motor_14,20,71.98,9.62,1803.03,15.32,0
motor_14,21,72.34,10.29,1797.63,15.7,0
motor_14,22,74.43,9.98,1791.53,15.41,0
motor_14,23,71.98,9.94,1799.96,15.44,0
motor_14,24,71.61,9.77,1793.35,15.39,0
motor_14,25,73.86,10.64,1804.4,15.41,0
motor_14,26,74.78,9.72,1797.09,15.23,0
motor_14,27,73.82,11.88,1805.51,15.45,0
motor_14,28,74.28,10.45,1807.76,15.64,0
motor_14,29,73.91,10.69,1793.48,15.38,0
motor_14,30,75.65,11.49,1802.05,15.38,0
motor_14,31,73.66,10.6,1805.01,15.22,0
motor_14,32,72.55,10.39,1806.67,15.66,0
motor_14,33,74.68,11.14,1797.54,15.58,0
motor_14,34,73.88,10.13,1794.31,15.45,0
motor_14,35,73.75,11.28,1786.41,15.36,0
motor_14,36,75.4,9.32,1801.35,15.7,0
motor_14,37,75.01,11.53,1790.04,15.17,0
motor_14,38,77.24,11.07,1796.16,15.62,0
motor_14,39,76.04,11.83,1795.54,15.52,0
motor_14,40,75.58,8.68,1796.31,15.49,0
motor_14,41,75.28,8.77,1801.64,15.39,0
motor_14,42,75.09,9.8,1804.6,15.31,0
motor_14,43,73.05,10.53,1803.27,15.35,0
motor_14,44,78.19,10.13,1793.23,15.81,0
motor_14,45,75.56,11.88,1804.41,15.42,0
motor_14,46,75.87,10.99,1799.02,15.76,0
motor_14,47,77.11,10.71,1795.53,15.9,0
motor_14,48,73.66,9.56,1801.41,15.06,0
motor_14,49,77.89,11.11,1802.73,15.23,0
motor_14,50,75.14,9.57,1804.61,15.62,0
motor_14,51,75.68,11.0,1795.28,15.42,0
motor_14,52,75.89,10.66,1799.91,15.45,0
motor_14,53,78.92,10.57,1796.92,15.71,0
motor_14,54,76.15,10.54,1801.14,15.63,0
motor_14,55,75.82,10.41,1793.72,15.79,0
motor_14,56,77.12,11.41,1797.89,15.72,0
motor_14,57,74.42,12.09,1792.91,15.18,0
motor_14,58,75.98,10.1,1802.26,15.68,0
motor_14,59,78.16,10.91,1798.87,15.77,0
motor_14,60,79.16,13.21,1803.75,15.78,0
motor_14,61,78.45,11.57,1801.2,15.82,0
motor_14,62,79.78,9.04,1797.85,15.5,0
motor_14,63,80.06,9.94,1806.6,15.94,0
motor_14,64,80.59,11.48,1800.98,15.7,0
motor_14,65,80.82,11.37,1789.23,16.18,0
motor_14,66,81.77,10.44,1800.69,15.62,0
motor_14,67,78.04,13.17,1801.16,16.45,0
motor_14,68,76.94,10.44,1799.7,15.7,0
motor_14,69,78.29,11.48,1798.02,15.92,0
motor_14,70,78.74,11.76,1806.8,15.74,0
motor_14,71,75.57,12.19,1802.6,16.12,0
motor_14,72,76.14,11.31,1789.58,15.79,0
motor_14,73,78.38,10.56,1808.44,15.83,0
motor_14,74,79.17,11.49,1804.48,15.78,0
motor_14,75,80.79,12.01,1799.33,16.21,0
motor_14,76,80.27,11.16,1795.1,15.99,0
motor_14,77,80.99,10.81,1794.33,15.75,0
motor_14,78,80.2,10.93,1802.79,16.07,0
motor_14,79,77.86,11.42,1810.73,16.25,0
motor_14,80,77.36,11.54,1798.85,16.14,0
motor_14,81,81.33,12.86,1792.41,15.98,0
motor_14,82,79.3,11.63,1811.45,16.22,0
motor_14,83,81.55,12.1,1798.48,15.91,0
motor_14,84,79.13,12.36,1800.4,16.1,0
motor_14,85,84.26,12.25,1799.66,16.4,0
motor_14,86,83.37,12.11,1794.01,16.17,0
motor_14,87,80.66,11.3,1795.39,16.02,0
motor_14,88,82.12,11.93,1797.25,16.04,0
motor_14,89,81.14,12.72,1798.35,16.09,0
motor_14,90,81.84,13.75,1793.02,16.49,0
motor_14,91,81.55,10.92,1801.34,16.15,0
motor_14,92,82.82,12.35,1800.88,16.38,0
motor_14,93,82.87,12.23,1793.29,15.99,0
motor_14,94,81.18,12.53,1794.04,16.18,0
motor_14,95,83.63,13.4,1797.77,16.24,0
motor_14,96,80.93,13.07,1792.16,16.0,0
motor_14,97,81.79,12.54,1799.61,16.5,0
motor_14,98,80.05,12.25,1792.7,16.31,0
motor_14,99,82.53,11.69,1797.39,15.9,0
motor_14,100,80.95,13.21,1792.46,16.2,0
motor_14,101,84.12,12.27,1793.79,16.08,0
motor_14,102,84.22,13.17,1804.05,16.31,0
motor_14,103,83.94,11.69,1797.78,15.92,0
motor_14,104,85.69,13.52,1789.27,16.46,0
motor_14,105,84.67,12.95,1793.59,16.3,0
motor_14,106,85.16,12.92,1788.84,16.27,0
motor_14,107,81.24,14.58,1795.16,16.25,0
motor_14,108,83.02,13.88,1795.08,16.01,0
motor_14,109,83.86,13.56,1792.0,16.17,0
motor_14,110,82.61,13.87,1797.02,16.6,0
motor_14,111,83.48,14.07,1787.16,16.27,0
motor_14,112,82.1,13.1,1797.81,16.58,0
motor_14,113,84.42,12.71,1786.0,16.32,0
motor_14,114,82.94,13.25,1794.44,16.26,0
motor_14,115,83.72,14.55,1785.25,16.49,0
motor_14,116,84.05,13.37,1787.08,16.38,0
motor_14,117,85.86,12.35,1807.13,16.64,0
motor_14,118,84.73,14.05,1800.86,16.36,0
motor_14,119,86.28,14.15,1796.69,16.19,0
motor_14,120,86.59,12.56,1786.1,16.45,0
motor_14,121,85.42,13.52,1790.85,16.66,0
motor_14,122,85.61,14.75,1789.77,17.06,0
motor_14,123,85.74,13.85,1797.16,16.44,0
motor_14,124,86.56,13.37,1795.69,16.42,0
motor_14,125,86.15,15.5,1796.67,16.88,0
motor_14,126,87.13,12.91,1789.82,16.43,0
motor_14,127,85.58,13.42,1786.88,16.34,0
motor_14,128,87.58,14.54,1793.19,16.72,0
motor_14,129,85.91,15.61,1804.74,16.67,0
motor_14,130,85.78,15.14,1786.57,16.51,0
motor_14,131,87.62,14.17,1797.52,16.67,0
motor_14,132,86.07,13.94,1793.21,16.55,0
motor_14,133,84.92,13.87,1789.04,17.05,0
motor_14,134,88.06,15.32,1794.6,16.67,0
motor_14,135,87.09,15.28,1792.65,16.52,0
motor_14,136,87.98,14.35,1791.96,16.75,0
motor_14,137,88.54,14.93,1795.0,16.87,0
motor_14,138,85.82,15.03,1781.8,16.9,0
motor_14,139,92.08,15.35,1790.39,16.82,0
motor_14,140,88.01,15.12,1784.68,17.08,0
motor_14,141,88.97,15.59,1793.09,17.06,0
motor_14,142,87.86,14.14,1780.84,16.87,0
motor_14,143,87.7,16.27,1787.48,16.41,0
motor_14,144,86.59,16.05,1787.08,16.85,0
motor_14,145,89.82,15.49,1787.68,16.95,0
motor_14,146,89.53,16.78,1785.58,16.84,0
motor_14,147,87.59,15.31,1793.36,16.89,0
motor_14,148,88.27,17.8,1790.87,16.36,0
motor_14,149,89.15,16.31,1786.42,16.88,0
motor_14,150,90.74,15.74,1794.09,16.95,0
motor_14,151,88.96,16.39,1783.19,16.98,0
motor_14,152,90.12,15.84,1791.83,16.73,0
motor_14,153,88.78,15.87,1785.75,17.26,0
motor_14,154,88.47,16.55,1786.11,16.87,0
motor_14,155,86.83,16.55,1779.17,17.14,0
motor_14,156,89.46,17.71,1789.72,17.33,0
motor_14,157,91.83,17.36,1787.82,16.69,0
motor_14,158,90.61,17.25,1773.83,16.92,0
motor_14,159,91.48,16.43,1770.7,17.09,0
motor_14,160,88.58,17.4,1783.39,16.8,0
motor_14,161,91.65,17.14,1783.12,16.66,0
motor_14,162,90.8,16.81,1789.73,17.37,0
motor_14,163,92.8,16.81,1789.52,17.01,0
motor_14,164,92.94,17.32,1790.05,17.26,0
motor_14,165,90.82,16.57,1777.97,17.16,0
motor_14,166,93.6,17.21,1786.0,17.44,0
motor_14,167,92.01,18.34,1785.76,16.82,0
motor_14,168,90.49,16.72,1780.24,17.05,0
motor_14,169,90.13,17.2,1777.22,17.12,0
motor_14,170,89.8,17.06,1776.54,17.26,0
motor_14,171,92.09,18.63,1779.94,17.4,0
motor_14,172,93.04,17.45,1779.35,17.21,0
motor_14,173,91.9,18.7,1779.82,17.51,0
motor_14,174,93.57,17.46,1774.77,17.46,0
motor_14,175,90.05,19.64,1776.58,17.36,0
motor_14,176,96.29,18.53,1779.4,17.11,0
motor_14,177,94.4,19.24,1781.72,17.13,0
motor_14,178,91.44,17.99,1773.0,17.47,0
motor_14,179,91.59,18.67,1776.04,17.37,0
motor_14,180,93.47,17.34,1783.63,17.23,0
motor_14,181,93.31,18.21,1766.53,17.42,0
motor_14,182,94.69,18.71,1775.17,17.02,0
motor_14,183,91.99,19.48,1773.78,17.54,0
motor_14,184,94.09,19.73,1773.36,17.7,0
motor_14,185,95.01,20.04,1773.53,17.71,0
motor_14,186,92.28,19.91,1777.99,17.0,0
motor_14,187,95.75,20.41,1785.51,17.15,0
motor_14,188,92.65,20.42,1772.21,16.99,0
motor_14,189,94.15,20.1,1774.32,17.65,0
motor_14,190,95.88,19.25,1781.93,17.56,0
motor_14,191,94.73,20.44,1766.86,17.65,0
motor_14,192,95.4,20.84,1772.02,17.25,0
motor_14,193,96.41,19.0,1766.89,17.53,0
motor_14,194,93.64,20.21,1769.58,17.44,0
motor_14,195,93.46,21.23,1770.04,17.44,0
motor_14,196,94.36,18.89,1770.52,17.32,0
motor_14,197,96.34,22.84,1772.14,17.55,0
motor_14,198,97.12,21.01,1769.7,17.48,0
motor_14,199,93.5,21.31,1772.37,17.56,0
motor_14,200,94.94,20.41,1765.3,17.71,0
motor_14,201,97.36,20.18,1765.92,17.56,0
motor_14,202,96.09,21.85,1766.98,17.44,0
motor_14,203,97.33,20.7,1776.68,17.73,0
motor_14,204,95.95,21.74,1759.23,17.3,0
motor_14,205,95.11,21.33,1767.95,17.84,0
motor_14,206,94.31,23.38,1768.93,17.6,0
motor_14,207,97.86,21.63,1765.08,17.64,0
motor_14,208,99.76,22.55,1764.65,17.67,0
motor_14,209,97.08,21.26,1768.75,17.32,0
motor_14,210,96.18,22.57,1757.35,17.63,0
motor_14,211,100.33,22.11,1772.73,17.59,0
motor_14,212,99.09,22.46,1773.56,17.61,0
motor_14,213,97.27,22.93,1769.19,17.85,0
motor_14,214,95.88,22.25,1759.29,17.78,0
motor_14,215,98.76,24.08,1764.08,18.1,0
motor_14,216,95.46,23.12,1760.81,17.76,0
motor_14,217,100.41,22.71,1756.5,17.8,0
motor_14,218,98.09,22.58,1764.17,17.94,0
motor_14,219,99.74,24.59,1758.52,18.0,0
motor_14,220,100.34,23.67,1759.65,17.91,0
motor_14,221,96.27,23.56,1757.93,17.51,0
motor_14,222,96.28,23.6,1757.04,18.23,0
motor_14,223,98.24,23.72,1752.44,17.9,0
motor_14,224,97.14,24.37,1745.99,17.83,0
motor_14,225,97.57,23.85,1750.41,17.89,0
motor_14,226,98.11,22.1,1747.97,17.74,0
motor_14,227,97.18,23.93,1759.97,17.83,0
motor_14,228,98.35,23.14,1750.99,17.75,0
motor_14,229,99.43,24.1,1745.13,17.89,0
motor_14,230,99.49,25.75,1752.46,18.02,0
motor_14,231,101.34,25.47,1742.2,17.81,0
motor_14,232,101.02,24.59,1756.96,18.11,0
motor_14,233,102.23,23.96,1754.71,17.65,0
motor_14,234,99.83,24.39,1753.36,18.18,1
motor_15,1,67.82,10.25,1801.07,14.62,0
motor_15,2,71.45,11.05,1796.92,14.95,0
motor_15,3,69.13,9.06,1799.39,14.84,0
motor_15,4,71.26,10.73,1805.23,15.34,0
motor_15,5,68.26,10.09,1801.25,14.93,0
motor_15,6,68.72,10.4,1799.11,14.96,0
motor_15,7,73.03,8.92,1807.27,15.2,0
motor_15,8,67.9,10.35,1800.57,15.22,0
motor_15,9,70.66,10.51,1804.92,15.35,0
motor_15,10,72.68,10.17,1794.74,14.33,0
motor_15,11,67.34,9.49,1785.37,15.12,0
motor_15,12,71.72,10.82,1802.75,15.06,0
motor_15,13,71.93,10.19,1800.6,15.23,0
motor_15,14,69.98,9.87,1804.85,15.17,0
motor_15,15,72.27,10.87,1800.74,14.83,0
motor_15,16,71.87,8.93,1803.57,15.22,0
motor_15,17,70.57,9.71,1802.27,15.39,0
motor_15,18,71.97,10.71,1803.51,15.21,0
motor_15,19,72.29,10.4,1795.22,15.24,0
motor_15,20,72.34,10.95,1795.49,15.45,0
motor_15,21,73.51,10.71,1806.08,15.19,0
motor_15,22,76.17,10.25,1796.72,15.42,0
motor_15,23,74.05,10.56,1810.1,15.0,0
motor_15,24,73.34,11.13,1801.63,15.33,0
motor_15,25,73.17,9.87,1800.28,14.48,0
motor_15,26,75.58,10.77,1800.41,15.22,0
motor_15,27,74.4,10.08,1806.02,15.27,0
motor_15,28,72.01,10.48,1799.94,15.5,0
motor_15,29,71.57,10.76,1802.04,15.37,0
motor_15,30,73.41,8.68,1803.05,15.21,0
motor_15,31,72.02,11.06,1800.5,15.43,0
motor_15,32,72.39,10.49,1792.48,15.25,0
motor_15,33,72.05,9.05,1797.14,15.33,0
motor_15,34,71.27,9.71,1795.22,15.6,0
motor_15,35,73.19,10.0,1801.04,15.63,0
motor_15,36,73.36,10.96,1799.19,15.76,0
motor_15,37,75.06,9.59,1804.85,15.46,0
motor_15,38,71.21,9.26,1796.63,15.55,0
motor_15,39,73.32,11.21,1797.26,15.6,0
motor_15,40,75.57,10.06,1802.83,15.34,0
motor_15,41,73.12,10.88,1801.79,15.92,0
motor_15,42,76.15,10.69,1785.34,15.31,0
motor_15,43,75.94,10.86,1800.43,15.29,0
motor_15,44,73.94,10.09,1795.84,15.69,0
motor_15,45,73.93,9.71,1802.14,15.49,0
motor_15,46,74.2,10.57,1805.54,15.41,0
motor_15,47,73.5,9.9,1811.18,15.8,0
motor_15,48,73.33,10.13,1798.51,15.43,0
motor_15,49,72.62,9.62,1799.54,15.27,0
motor_15,50,78.7,10.46,1794.8,15.42,0
motor_15,51,76.12,9.99,1800.97,15.58,0
motor_15,52,72.64,10.22,1802.56,15.54,0
motor_15,53,76.52,11.42,1795.39,15.68,0
motor_15,54,77.12,11.79,1800.32,15.38,0
motor_15,55,75.38,11.43,1807.94,15.45,0
motor_15,56,74.95,10.71,1802.53,15.89,0
motor_15,57,77.03,11.4,1799.46,15.9,0
motor_15,58,76.12,10.56,1806.14,15.41,0
motor_15,59,78.2,10.8,1806.5,15.66,0
motor_15,60,76.86,9.6,1788.24,15.72,0
motor_15,61,76.44,8.44,1798.12,15.79,0
motor_15,62,77.01,11.26,1806.96,15.43,0
motor_15,63,77.12,10.39,1797.51,15.65,0
motor_15,64,76.08,10.58,1798.18,15.8,0
motor_15,65,74.98,11.53,1799.52,15.72,0
motor_15,66,77.85,11.15,1802.59,15.41,0
motor_15,67,78.6,9.29,1802.37,15.61,0
motor_15,68,76.21,9.83,1797.43,15.76,0
motor_15,69,76.47,12.43,1800.47,15.5,0
motor_15,70,77.91,11.79,1799.75,15.72,0
motor_15,71,81.42,11.2,1808.02,15.77,0
motor_15,72,79.16,10.43,1790.02,15.73,0
motor_15,73,78.27,9.78,1796.17,15.68,0
motor_15,74,77.86,11.72,1790.28,15.43,0
motor_15,75,76.03,11.4,1801.1,15.75,0
motor_15,76,78.23,10.93,1803.53,15.55,0
motor_15,77,77.53,11.42,1798.34,15.67,0
motor_15,78,77.27,11.24,1801.47,15.88,0
motor_15,79,75.84,9.57,1799.25,15.83,0
motor_15,80,77.47,10.69,1803.31,15.89,0
motor_15,81,76.22,11.74,1792.76,15.92,0
motor_15,82,78.75,11.1,1794.41,15.85,0
motor_15,83,78.68,11.83,1796.82,15.93,0
motor_15,84,80.79,12.05,1794.81,15.97,0
motor_15,85,81.06,11.38,1800.71,16.21,0
motor_15,86,78.09,11.71,1799.74,16.0,0
motor_15,87,78.09,10.29,1800.75,16.23,0
motor_15,88,77.45,11.6,1793.54,16.32,0
motor_15,89,79.25,11.5,1799.59,16.07,0
motor_15,90,80.48,10.07,1796.45,15.57,0
motor_15,91,78.1,11.47,1798.58,15.82,0
motor_15,92,78.28,11.43,1799.68,15.89,0
motor_15,93,79.14,10.51,1797.23,16.17,0
motor_15,94,79.56,10.63,1797.94,16.11,0
motor_15,95,80.26,11.83,1797.37,15.78,0
motor_15,96,78.59,11.53,1801.5,16.26,0
motor_15,97,79.54,11.11,1803.74,15.99,0
motor_15,98,79.32,12.19,1804.15,16.01,0
motor_15,99,79.22,12.19,1801.19,15.84,0
motor_15,100,81.65,12.16,1803.5,16.6,0
motor_15,101,81.08,11.31,1799.03,16.03,0
motor_15,102,79.32,12.05,1792.66,15.87,0
motor_15,103,80.25,11.41,1798.01,16.11,0
motor_15,104,78.3,12.07,1798.59,16.19,0
motor_15,105,81.44,12.04,1795.51,15.91,0
motor_15,106,80.24,12.17,1797.05,15.77,0
motor_15,107,80.05,11.68,1791.58,16.23,0
motor_15,108,83.66,12.3,1791.24,15.89,0
motor_15,109,81.27,11.36,1803.79,15.91,0
motor_15,110,79.04,11.24,1799.55,16.21,0
motor_15,111,80.89,14.06,1798.89,16.2,0
motor_15,112,78.86,11.5,1799.79,16.49,0
motor_15,113,79.89,13.48,1804.88,16.35,0
motor_15,114,80.4,12.1,1801.39,15.82,0
motor_15,115,83.65,13.51,1797.3,16.19,0
motor_15,116,79.86,12.16,1800.96,16.14,0
motor_15,117,79.01,11.94,1799.67,16.45,0
motor_15,118,82.01,11.64,1802.37,16.05,0
motor_15,119,78.88,11.66,1795.86,16.37,0
motor_15,120,82.52,12.05,1798.55,16.21,0
motor_15,121,81.77,12.04,1798.52,16.06,0
motor_15,122,79.49,11.83,1795.86,16.45,0
motor_15,123,82.69,12.52,1796.02,16.11,0
motor_15,124,84.18,10.94,1794.82,16.65,0
motor_15,125,84.64,12.54,1799.96,16.21,0
motor_15,126,81.08,14.06,1788.86,16.48,0
motor_15,127,84.15,13.93,1801.99,16.35,0
motor_15,128,82.32,13.57,1793.09,16.31,0
motor_15,129,85.78,13.29,1792.93,16.4,0
motor_15,130,84.31,14.0,1800.91,16.8,0
motor_15,131,85.11,11.83,1797.68,16.51,0
motor_15,132,85.12,12.92,1793.85,16.79,0
motor_15,133,83.76,15.1,1800.86,16.18,0
motor_15,134,80.55,13.54,1799.19,15.97,0
motor_15,135,82.25,12.55,1797.16,16.25,0
motor_15,136,85.94,13.32,1796.55,16.58,0
motor_15,137,83.03,13.22,1789.36,16.36,0
motor_15,138,81.42,13.38,1791.79,16.69,0
motor_15,139,83.24,13.38,1802.65,16.76,0
motor_15,140,85.78,14.36,1792.51,16.15,0
motor_15,141,86.44,14.19,1782.8,16.33,0
motor_15,142,84.19,13.23,1792.43,16.84,0
motor_15,143,83.71,14.29,1787.14,16.67,0
motor_15,144,86.27,13.3,1789.98,16.68,0
motor_15,145,83.96,14.66,1792.93,16.35,0
motor_15,146,85.72,13.12,1794.43,17.08,0
motor_15,147,85.85,14.67,1798.72,16.45,0
motor_15,148,83.14,13.4,1784.78,16.49,0
motor_15,149,86.87,15.3,1794.52,16.96,0
motor_15,150,86.19,14.54,1805.18,16.34,0
motor_15,151,84.57,13.46,1799.97,16.23,0
motor_15,152,84.08,14.96,1788.48,16.79,0
motor_15,153,88.31,14.14,1799.57,16.62,0
motor_15,154,84.94,13.23,1796.54,16.59,0
motor_15,155,88.24,15.32,1797.62,16.96,0
motor_15,156,85.22,14.68,1790.37,16.66,0
motor_15,157,87.8,13.71,1797.76,16.67,0
motor_15,158,88.04,14.49,1799.19,16.72,0
motor_15,159,88.66,13.55,1796.24,16.59,0
motor_15,160,84.6,14.18,1791.42,16.3,0
motor_15,161,87.88,14.13,1799.05,16.98,0
motor_15,162,87.78,14.99,1788.71,16.46,0
motor_15,163,88.04,15.05,1784.94,16.35,0
motor_15,164,88.12,16.12,1791.01,16.7,0
motor_15,165,86.02,15.2,1796.66,16.73,0
motor_15,166,85.21,14.98,1803.54,16.84,0
motor_15,167,87.9,13.48,1790.61,16.62,0
motor_15,168,87.62,16.31,1786.27,16.76,0
motor_15,169,88.86,15.36,1794.0,16.61,0
motor_15,170,88.64,13.97,1798.53,16.99,0
motor_15,171,88.42,15.35,1782.98,16.71,0
motor_15,172,85.97,13.65,1788.34,16.52,0
motor_15,173,92.01,14.59,1787.68,16.93,0
motor_15,174,88.89,15.57,1794.87,16.9,0
motor_15,175,88.97,15.73,1789.32,16.98,0
motor_15,176,87.97,14.21,1790.7,17.25,0
motor_15,177,88.64,16.0,1783.82,16.86,0
motor_15,178,88.97,14.45,1785.14,16.6,0
motor_15,179,86.64,14.92,1782.23,17.06,0
motor_15,180,90.86,15.57,1789.44,16.98,0
motor_15,181,90.68,15.34,1779.86,16.79,0
motor_15,182,89.29,16.02,1782.83,17.06,0
motor_15,183,87.64,16.25,1800.95,16.88,0
motor_15,184,87.11,15.34,1794.61,16.81,0
motor_15,185,90.85,16.22,1790.14,17.15,0
motor_15,186,88.08,17.94,1792.47,16.76,0
motor_15,187,89.12,16.26,1788.44,17.03,0
motor_15,188,90.42,16.82,1789.47,16.83,0
motor_15,189,88.8,18.33,1780.7,17.05,0
motor_15,190,90.1,16.36,1782.83,16.61,0
motor_15,191,89.54,16.58,1793.45,16.83,0
motor_15,192,89.44,16.98,1782.64,16.94,0
motor_15,193,91.67,17.0,1774.59,16.93,0
motor_15,194,90.11,17.31,1790.91,17.21,0
motor_15,195,87.57,16.76,1790.51,17.02,0
motor_15,196,88.58,17.57,1784.27,16.69,0
motor_15,197,91.17,17.54,1779.11,16.76,0
motor_15,198,92.2,16.71,1784.99,17.1,0
motor_15,199,89.2,16.95,1779.98,17.05,0
motor_15,200,91.75,19.0,1789.3,17.3,0
motor_15,201,92.09,17.21,1781.04,17.17,0
motor_15,202,92.02,16.1,1790.21,17.24,0
motor_15,203,90.95,17.76,1780.31,17.21,0
motor_15,204,91.25,18.27,1777.43,16.85,0
motor_15,205,89.6,18.24,1789.94,17.26,0
motor_15,206,92.03,17.49,1781.91,16.71,0
motor_15,207,89.74,17.6,1783.64,16.79,0
motor_15,208,92.6,18.32,1782.19,17.12,0
motor_15,209,94.4,17.27,1783.4,17.3,0
motor_15,210,92.77,17.5,1772.78,17.46,0
motor_15,211,93.09,19.12,1777.13,17.74,0
motor_15,212,90.54,16.39,1788.27,17.26,0
motor_15,213,93.73,18.04,1775.21,17.22,0
motor_15,214,94.99,18.36,1776.55,17.36,0
motor_15,215,92.19,19.42,1788.22,17.15,0
motor_15,216,94.48,19.02,1769.87,17.38,0
motor_15,217,94.55,18.77,1774.28,17.14,0
motor_15,218,91.68,17.32,1778.74,17.08,0
motor_15,219,92.25,18.31,1783.97,16.92,0
motor_15,220,91.97,18.4,1772.34,17.28,0
motor_15,221,92.73,17.66,1776.42,17.12,0
motor_15,222,91.77,20.68,1774.91,17.37,0
motor_15,223,91.99,18.42,1775.75,17.64,0
motor_15,224,92.08,19.63,1775.33,17.51,0
motor_15,225,94.79,18.41,1768.8,17.53,0
motor_15,226,94.1,19.8,1774.79,17.57,0
motor_15,227,93.81,20.19,1776.63,17.5,0
motor_15,228,94.03,19.63,1770.65,17.41,0
motor_15,229,92.68,18.76,1781.25,17.44,0
motor_15,230,93.62,20.68,1764.26,17.36,0
motor_15,231,93.61,18.93,1777.46,17.38,0
motor_15,232,95.02,19.63,1776.79,17.47,0
motor_15,233,91.02,19.09,1777.38,17.4,0
motor_15,234,95.35,20.56,1780.28,17.53,0
motor_15,235,94.14,21.75,1782.58,17.44,0
motor_15,236,92.32,20.04,1769.73,17.39,0
motor_15,237,95.77,20.19,1771.02,17.15,0
motor_15,238,97.23,20.8,1767.9,17.82,0
motor_15,239,94.69,20.31,1768.2,17.81,0
motor_15,240,97.44,19.21,1774.89,17.43,0
motor_15,241,97.54,19.78,1777.21,17.23,0
motor_15,242,91.68,20.56,1771.96,17.28,0
motor_15,243,94.57,20.28,1774.36,17.36,0
motor_15,244,93.81,21.96,1773.94,17.62,0
motor_15,245,94.78,20.08,1768.49,17.79,0
motor_15,246,97.1,20.46,1759.92,17.27,0
motor_15,247,92.12,21.85,1762.39,17.31,0
motor_15,248,93.14,21.6,1775.57,17.64,0
motor_15,249,96.01,21.51,1778.09,17.36,0
motor_15,250,98.36,19.68,1774.71,17.28,0
motor_15,251,95.39,22.78,1762.48,17.61,0
motor_15,252,95.96,21.2,1762.28,17.9,0
motor_15,253,93.84,22.11,1766.73,17.38,0
motor_15,254,98.85,21.21,1766.09,17.63,0
motor_15,255,96.65,23.19,1770.34,17.57,0
motor_15,256,96.17,21.39,1772.68,18.0,0
motor_15,257,95.87,22.27,1765.14,17.69,0
motor_15,258,93.88,21.58,1761.11,17.56,0
motor_15,259,96.48,22.0,1761.95,17.46,0
motor_15,260,96.75,22.49,1764.11,17.92,0
motor_15,261,96.81,21.27,1772.64,17.96,0
motor_15,262,97.9,23.03,1749.86,17.45,0
motor_15,263,94.67,22.83,1761.12,18.03,0
motor_15,264,95.19,22.0,1756.59,17.66,0
motor_15,265,97.05,23.76,1765.03,17.74,0
motor_15,266,97.92,23.4,1746.21,17.82,0
motor_15,267,99.7,23.18,1759.98,17.69,0
motor_15,268,99.49,23.36,1758.95,17.8,0
motor_15,269,102.1,22.68,1757.66,17.48,0
motor_15,270,98.9,23.52,1753.04,17.67,0
motor_15,271,96.96,21.55,1754.33,17.79,0
motor_15,272,97.81,25.2,1752.68,17.94,0
motor_15,273,99.5,23.46,1759.0,17.99,0
motor_15,274,99.66,23.31,1764.06,17.79,0
motor_15,275,99.33,23.19,1754.67,17.64,0
motor_15,276,98.24,24.68,1753.58,18.05,0
motor_15,277,98.03,24.83,1757.98,17.88,0
motor_15,278,99.33,23.28,1737.7,17.83,0
motor_15,279,100.09,23.78,1755.06,17.76,0
motor_15,280,97.14,23.58,1752.31,17.71,0
motor_15,281,98.46,23.85,1749.14,17.93,0
motor_15,282,98.04,24.73,1764.93,17.89,0
motor_15,283,99.51,25.65,1754.05,17.91,0
motor_15,284,98.48,24.49,1745.32,17.88,0
motor_15,285,100.53,23.76,1743.56,18.26,0
motor_15,286,99.38,25.66,1745.54,17.82,0
motor_15,287,100.27,24.79,1752.48,17.89,1
